ID,PS1,PS2,PS3,PS4,PS5,PS6,PS7,PS8,PS9,SMUT1,SMUT2,SMUT3,SMUT4,SMUT5,SMUT6,SMUT7,SMUT8,SMUT9,OSC1,OSC2,OSC3,OSC4,OSC5,OSC6,VONP 1,VONP2,VONP3,VONP4,VONP5,VONP6,VONP7,VONP8,VOFP1,VOFP2,VOFP3,VOFP4,VOFP5,VOFP6,VOFP7,PLT1,PLT2,PLT3,PLT4,PLT5,PLT6,PLT7,Gender,Age,MS,RL,PI,Education Level,ED,COO
1,4,2,4,4,4,4,4,4,2,4,4,1,2,2,2,2,2,2,1,2,2,2,2,2,4,4,4,5,4,5,5,5,5,5,5,5,5,4,4,3,3,3,3,3,4,4,2,1,3,1,1,5,5,3
2,4,3,3,3,3,3,4,3,2,2,1,1,1,1,1,1,1,1,1,1,1,1,1,1,2,5,2,2,4,4,4,4,4,4,4,2,4,2,4,2,2,4,4,2,4,4,2,1,1,1,1,5,2,3
3,5,4,4,4,3,4,5,3,3,2,2,2,2,2,2,2,4,3,2,3,2,2,3,4,3,4,4,4,4,4,4,4,4,4,5,5,3,4,2,4,4,4,3,3,4,5,1,2,3,1,6,5,1,3
4,5,2,3,3,3,3,4,3,1,2,2,2,2,2,2,2,3,3,2,2,2,2,3,2,4,4,4,4,4,4,3,4,4,4,4,4,4,3,4,2,2,4,3,4,4,4,1,1,1,1,2,4,5,3
5,4,4,4,4,3,3,3,3,3,2,2,2,1,1,2,2,2,2,2,2,2,2,2,2,3,3,3,3,3,4,4,4,4,4,4,4,4,2,4,2,2,2,2,2,2,2,1,1,1,1,2,5,5,3
6,5,5,5,5,5,4,5,2,2,2,1,1,1,1,2,2,2,2,2,2,2,2,2,2,2,3,1,1,4,4,1,4,5,5,5,4,5,5,5,3,3,3,3,3,4,3,1,1,1,1,7,4,3,3
7,5,5,4,4,4,4,4,4,4,2,2,2,2,2,2,2,2,2,3,3,2,2,1,1,3,3,3,3,3,3,3,3,3,3,3,3,3,3,2,3,3,2,3,2,3,3,1,1,1,1,7,5,10,3
8,4,3,4,4,3,3,2,4,3,5,4,2,2,2,4,4,4,4,3,2,2,2,3,2,3,5,4,4,4,4,4,4,3,4,5,5,4,4,4,5,5,5,5,5,5,5,1,1,1,1,2,4,5,3
9,3,2,1,2,3,3,3,1,2,1,1,1,1,1,1,1,1,1,1,1,2,3,3,1,3,3,2,1,3,3,3,2,3,3,3,3,3,3,3,3,3,3,3,3,3,3,2,1,1,1,7,5,5,3
10,5,5,5,5,5,5,5,5,5,2,3,3,3,3,2,3,3,3,3,2,3,3,3,3,3,3,4,4,3,3,4,3,5,5,5,5,5,5,5,3,3,4,3,4,3,4,2,1,3,1,7,5,9,3
11,5,5,5,5,5,5,5,5,5,2,3,3,3,3,2,3,3,3,3,2,3,3,3,3,3,3,4,4,3,3,4,3,5,5,5,5,5,5,5,3,3,4,3,4,3,4,2,1,3,1,7,5,9,3
12,3,3,3,3,3,3,3,3,3,3,3,3,3,3,3,3,3,3,2,2,3,3,3,3,2,3,3,2,3,3,3,3,2,3,2,3,3,2,2,1,1,1,1,1,1,1,1,1,1,1,7,5,1,3
13,3,3,3,3,3,3,3,3,3,3,3,3,3,3,3,3,3,3,2,2,3,3,3,3,2,3,3,2,3,3,3,3,2,3,2,3,3,2,2,1,1,1,1,1,1,1,1,1,1,1,7,5,1,3
14,4,2,3,4,3,5,5,1,1,2,2,2,2,2,2,2,5,2,2,2,2,2,3,3,5,5,5,5,5,5,5,5,5,5,5,5,5,2,2,4,4,4,4,4,4,4,2,1,1,1,2,5,2,3
15,2,2,2,2,2,3,2,2,1,2,2,2,2,2,2,2,2,2,1,1,1,1,1,1,2,3,2,2,2,3,2,3,2,2,2,3,3,2,2,2,4,4,3,2,3,5,1,1,1,1,2,5,5,3
16,5,4,3,4,4,4,5,3,3,3,3,2,2,2,2,3,4,4,3,3,3,3,4,2,5,4,4,3,4,5,5,4,4,4,4,2,3,4,3,4,4,4,3,4,4,5,2,1,1,7,7,5,5,3
17,3,1,2,1,1,1,1,2,2,4,2,2,1,1,3,2,2,2,2,2,2,2,2,2,2,5,2,2,2,4,1,2,4,4,4,4,4,1,1,2,4,2,2,4,2,2,2,1,3,1,7,5,2,3
18,3,3,3,3,4,4,4,4,4,5,2,3,2,2,3,3,4,3,2,2,2,2,2,2,5,5,5,5,4,5,5,5,4,5,5,5,5,3,4,2,2,2,2,2,3,3,2,1,1,1,7,5,5,3
19,3,3,3,3,4,4,4,4,4,5,5,2,2,2,2,5,5,5,2,2,2,2,2,2,5,5,5,5,4,5,5,5,4,5,5,5,5,3,4,2,2,2,2,2,3,3,2,1,3,1,7,5,5,3
20,1,1,1,2,1,3,1,1,1,1,1,2,1,2,3,2,3,2,1,2,2,3,1,1,2,2,1,1,1,3,1,3,1,3,1,1,2,1,1,1,3,3,1,1,1,3,1,1,3,1,2,5,3,3
21,4,4,4,4,4,4,4,4,3,2,2,2,2,2,2,2,2,2,2,2,2,2,2,2,2,3,3,3,3,3,3,3,3,3,3,3,3,1,2,3,3,3,3,3,3,3,2,1,1,1,7,4,8,3
22,5,1,1,1,2,3,2,1,1,1,1,1,1,1,1,1,1,1,1,1,1,1,1,1,1,3,2,3,5,5,1,1,4,4,4,4,4,1,4,1,1,1,1,1,1,1,2,1,7,1,1,5,5,3
23,2,2,2,2,2,2,2,2,2,3,1,3,1,1,1,1,1,1,1,1,1,1,1,1,1,4,1,1,1,5,1,4,2,4,1,1,1,1,1,2,5,5,5,5,5,5,1,1,1,1,3,4,5,3
24,4,4,4,4,4,4,5,4,4,3,1,1,1,1,1,4,1,1,3,1,1,1,1,1,1,5,5,5,5,5,5,5,5,5,5,5,5,5,5,5,5,5,5,5,5,5,2,1,1,1,7,4,2,3
25,4,2,2,2,4,3,3,2,1,1,1,1,1,1,1,1,1,1,2,1,1,1,1,1,2,4,3,2,4,4,4,2,4,3,2,2,2,1,4,3,3,3,3,3,3,3,1,1,1,1,7,4,5,3
26,3,3,3,3,3,3,3,3,3,2,2,2,2,3,3,2,3,2,3,2,2,2,2,2,2,3,3,3,3,3,2,3,3,3,3,3,3,3,3,2,2,2,2,2,3,2,1,1,1,1,3,4,3,3
27,4,4,5,5,5,5,3,5,5,4,5,5,5,5,5,5,5,5,5,5,4,4,4,4,5,5,5,5,5,5,5,5,5,5,5,5,5,5,5,5,5,5,5,5,5,5,2,1,1,1,7,5,8,3
28,5,4,4,4,5,4,5,2,2,4,2,1,2,3,2,2,2,2,2,2,1,1,2,2,5,4,4,3,5,5,3,5,5,5,5,5,3,4,4,4,4,2,2,3,4,3,2,4,6,2,3,5,1,1
29,5,5,5,4,3,4,5,4,3,4,2,2,2,2,2,2,3,2,2,2,2,2,2,2,4,4,4,4,4,4,4,4,4,4,4,4,4,4,4,3,3,3,4,3,3,4,2,1,1,1,7,6,1,3
30,1,1,1,1,1,1,1,1,1,2,4,1,3,5,4,4,1,1,1,1,1,1,1,1,1,1,1,1,1,1,1,1,1,1,1,1,1,1,1,4,2,2,1,2,2,1,1,1,1,6,5,3,1,1
31,4,4,4,4,4,4,4,4,4,2,2,2,1,1,1,2,3,1,3,4,4,2,3,4,3,4,4,4,4,4,4,4,4,4,4,4,4,4,4,1,2,1,1,2,3,1,2,1,3,1,7,5,4,3
32,5,2,3,4,4,1,4,3,2,3,3,2,2,2,5,5,5,5,3,2,3,2,3,2,5,5,5,5,5,5,3,5,5,5,5,5,5,3,4,4,4,3,4,4,5,3,2,1,1,1,7,5,5,3
33,5,4,4,4,4,2,4,2,2,3,2,4,2,5,2,2,3,2,2,3,2,2,3,2,3,3,3,1,4,2,2,4,3,4,2,2,4,4,4,3,2,2,2,2,4,1,1,2,3,7,3,6,2,1
34,2,3,3,3,4,4,4,3,3,4,1,2,1,3,2,2,4,3,2,1,2,1,3,3,3,4,4,4,3,4,4,4,4,5,2,3,4,1,2,2,3,3,3,4,4,4,1,2,1,1,7,5,8,3
35,5,3,3,3,3,4,4,2,2,2,2,2,2,2,2,2,3,2,2,3,2,2,2,2,4,4,4,4,4,4,3,4,4,5,3,4,4,3,3,2,2,3,2,3,3,4,2,1,1,1,3,5,8,3
36,3,2,2,2,3,3,4,2,2,1,1,1,1,1,2,2,2,1,2,2,2,1,1,1,3,3,2,1,3,3,3,3,2,3,1,1,1,1,1,3,3,3,3,3,3,3,1,1,3,1,2,5,5,3
37,5,2,2,2,2,3,4,2,2,1,1,1,1,1,1,1,1,1,2,2,2,1,3,2,2,5,3,3,5,5,3,5,3,5,5,2,3,2,2,2,3,4,4,2,3,5,2,1,1,1,7,5,5,3
38,4,4,3,4,3,3,2,4,4,3,2,2,2,2,2,2,2,2,2,2,2,1,2,1,2,1,2,2,3,3,3,4,3,3,3,3,3,1,2,3,3,2,1,1,4,2,1,2,3,2,1,5,1,1
39,5,5,5,5,5,5,5,5,5,2,2,2,2,2,2,2,2,2,2,2,5,2,5,2,5,5,5,5,5,5,5,5,5,5,5,5,5,5,5,1,1,1,2,1,5,2,1,1,1,1,7,4,5,3
40,4,4,4,4,4,4,4,4,4,3,4,2,1,2,3,1,3,3,3,3,3,3,3,3,3,4,4,4,4,4,4,4,3,3,3,3,3,2,3,2,2,1,2,3,4,2,1,2,1,1,7,5,1,3
41,5,5,5,5,5,5,5,5,5,4,5,5,5,3,3,5,4,5,3,2,2,3,4,3,3,5,5,2,5,5,5,5,5,5,5,5,5,2,5,4,3,2,2,2,3,1,1,3,3,1,1,4,1,1
42,1,2,1,1,2,2,1,1,1,1,2,2,2,2,1,1,3,1,2,1,2,1,2,1,2,5,2,2,1,1,1,4,1,1,1,1,1,1,1,2,2,2,3,2,3,3,1,1,1,1,2,5,1,3
43,1,2,2,2,2,2,2,2,2,4,4,4,4,4,4,4,4,4,1,3,3,4,4,4,4,4,4,2,4,4,4,4,2,5,2,2,4,3,3,4,1,1,1,1,4,1,2,4,4,1,1,6,1,2
44,5,3,3,5,5,5,3,1,1,2,4,2,2,2,4,4,4,4,2,2,4,2,2,2,5,5,5,5,3,4,2,5,2,4,2,2,4,2,2,2,2,4,4,4,4,5,1,1,1,1,2,4,5,3
45,5,5,5,5,5,4,4,2,2,3,1,2,3,2,3,2,3,3,2,3,3,3,2,2,2,3,3,3,2,2,2,2,3,2,3,2,3,3,2,2,3,3,3,2,3,3,2,1,1,1,7,5,5,3
46,5,5,5,5,5,5,5,5,5,5,2,2,1,4,4,3,5,5,2,2,1,1,2,1,2,5,5,5,5,5,5,5,5,5,5,5,5,5,5,4,5,5,3,3,5,5,1,2,3,1,2,5,1,3
47,5,2,4,2,4,4,4,1,1,2,2,2,2,2,2,2,2,2,2,2,2,2,2,2,4,4,4,4,4,4,4,4,4,4,4,4,4,1,2,2,2,2,2,2,2,2,2,1,3,1,2,6,8,3
48,5,5,5,5,5,5,5,4,4,2,2,2,2,2,3,3,3,3,1,1,2,2,2,2,3,5,4,5,5,5,5,5,3,5,5,5,5,5,5,2,2,4,4,4,4,5,1,1,1,1,7,5,8,3
49,4,4,4,4,4,4,4,4,4,3,2,2,2,2,2,2,4,3,3,3,3,3,3,3,4,4,4,4,4,4,4,4,4,4,4,4,4,4,4,3,3,3,3,3,3,3,1,1,1,1,7,4,5,3
50,5,5,5,5,5,5,5,5,5,2,2,2,2,2,2,2,5,2,1,1,1,1,1,1,5,5,5,5,5,5,2,5,5,5,5,2,5,5,5,1,3,3,3,2,4,3,1,1,1,1,2,4,5,3
51,4,4,4,4,4,4,4,4,4,4,4,4,4,4,4,4,4,4,2,2,2,2,2,2,2,2,2,2,2,2,2,2,4,4,4,4,4,4,4,2,2,2,2,2,2,2,1,2,3,1,7,5,1,3
52,2,4,2,2,1,2,3,2,2,2,2,2,2,2,2,2,2,2,2,2,3,3,3,3,2,2,3,2,3,2,3,4,3,4,2,4,4,2,2,1,2,2,2,2,3,2,1,1,1,1,5,4,10,3
53,3,2,3,3,3,3,3,3,3,3,2,3,2,3,2,2,3,3,2,3,3,3,3,3,2,3,3,3,3,3,3,3,3,3,3,3,3,3,3,3,3,3,3,3,3,3,2,1,1,1,7,5,8,3
54,3,2,4,4,4,5,5,3,2,3,1,1,1,1,1,1,3,2,1,2,1,1,2,2,4,4,4,5,5,5,5,5,4,4,4,4,4,2,4,2,4,3,2,3,3,5,2,1,1,1,2,5,5,3
55,5,5,5,5,5,5,5,5,5,5,1,1,1,1,1,1,3,5,1,1,1,1,1,1,2,3,5,5,5,5,5,5,5,5,5,5,5,5,5,3,3,3,3,3,3,5,1,1,1,1,7,5,1,3
56,4,5,4,4,4,4,4,4,4,4,3,2,2,3,4,4,4,4,4,3,3,3,3,3,4,4,4,4,4,5,3,4,2,4,2,4,3,3,3,5,4,3,4,5,3,4,1,2,3,1,2,5,1,3
57,3,2,4,4,4,3,4,4,3,2,2,2,2,2,4,3,4,3,2,2,3,2,3,2,4,4,4,4,4,4,4,4,4,4,4,4,4,4,4,3,2,3,3,4,4,2,1,5,3,2,5,1,6,1
58,1,1,1,2,2,2,1,1,1,5,2,1,2,2,2,1,4,2,1,2,2,4,2,2,4,5,2,4,4,1,4,5,1,4,1,1,1,1,4,5,5,5,2,3,5,5,1,2,3,6,3,5,1,1
59,1,1,1,1,1,1,1,1,1,1,1,1,1,1,1,1,1,1,1,1,1,1,1,1,1,4,1,4,1,5,1,1,4,4,1,4,4,1,4,1,1,1,1,1,1,1,1,1,1,1,3,5,5,3
60,1,1,1,1,1,1,1,1,1,1,1,1,1,1,1,1,1,1,1,1,1,1,1,1,1,1,1,1,1,1,1,1,1,1,1,1,1,1,1,1,1,1,1,1,1,1,1,1,1,1,7,5,5,3
61,3,3,3,3,3,3,3,3,3,3,3,3,3,3,3,3,3,3,3,3,3,3,3,3,3,3,3,3,3,3,3,3,3,3,3,3,3,3,3,3,3,3,3,3,3,3,1,1,1,1,4,4,5,3
62,4,4,4,3,3,2,3,2,2,4,2,3,4,2,4,4,4,4,2,2,4,2,4,2,4,4,4,2,4,4,4,4,4,4,4,4,4,4,4,2,5,3,2,3,4,2,1,2,1,1,2,5,3,3
63,5,2,2,2,3,3,3,2,2,2,1,4,1,1,1,1,1,1,2,1,2,2,3,5,3,4,3,1,5,5,4,4,5,5,5,5,5,1,5,4,2,2,2,2,4,2,1,4,4,6,2,4,1,1
64,5,3,4,4,4,4,5,5,4,4,2,2,2,2,4,4,4,3,3,4,3,2,3,3,4,3,4,4,4,5,5,5,5,5,5,5,5,4,3,4,3,2,2,3,4,2,1,4,3,2,2,4,3,1
65,4,2,3,2,3,3,4,1,1,1,1,4,3,1,4,2,2,3,1,3,1,3,4,4,3,3,3,3,3,3,3,3,3,4,4,4,4,4,4,2,4,1,1,4,4,3,1,1,1,1,2,4,5,3
66,4,4,4,4,4,4,4,4,4,5,5,5,5,5,5,5,5,5,5,5,5,5,5,5,5,5,5,5,5,5,5,5,5,5,5,5,5,5,5,1,1,1,1,1,2,2,2,1,1,1,2,4,5,3
67,4,3,3,4,3,4,4,2,2,2,2,2,2,2,2,2,2,2,3,3,3,3,3,3,3,3,3,3,3,3,3,3,2,3,2,2,2,2,2,2,3,3,3,3,3,3,1,1,1,1,2,5,5,3
68,5,3,4,5,2,2,5,3,3,2,1,1,3,2,3,2,4,4,3,1,2,2,2,2,3,5,3,5,4,5,5,5,3,4,4,3,5,2,4,4,4,2,3,2,5,3,1,2,3,4,2,7,1,1
69,5,5,5,5,5,5,5,5,5,5,2,4,4,5,4,4,4,4,5,5,5,5,5,5,5,5,5,5,5,5,5,5,5,5,5,5,5,5,5,5,5,5,5,5,5,5,1,2,1,2,5,4,1,1
70,5,5,5,5,5,5,5,5,5,5,5,5,5,5,5,5,5,5,2,2,2,2,2,2,5,5,5,5,5,5,5,5,5,5,5,5,5,5,5,2,2,2,2,2,2,2,1,2,3,6,7,6,1,1
71,4,3,2,2,2,2,4,2,2,2,2,2,2,2,2,2,2,2,2,2,2,2,2,3,3,4,4,5,5,5,2,4,4,4,4,4,4,3,4,3,3,4,2,4,5,5,2,3,3,1,5,6,1,3
72,4,4,3,3,2,4,5,4,4,5,4,2,5,4,5,5,5,3,3,4,2,4,2,3,5,3,3,4,4,5,4,5,4,5,2,4,3,2,4,4,1,1,1,3,4,1,1,4,3,2,3,5,1,1
73,5,5,4,4,5,4,5,5,5,4,4,1,4,4,4,4,5,2,2,2,2,2,2,4,4,2,4,4,5,5,5,5,5,5,5,5,5,5,5,2,1,1,1,2,4,2,2,4,3,2,5,4,1,1
74,1,4,2,4,2,5,2,5,5,1,1,4,4,1,2,2,4,1,2,2,2,2,2,4,5,5,5,5,3,2,3,5,1,5,5,5,5,2,5,2,1,1,1,1,2,1,2,1,1,2,5,2,5,1
75,5,4,4,4,5,4,5,2,2,2,2,4,2,5,2,2,5,2,2,2,1,2,3,1,4,5,5,4,5,5,4,5,5,5,5,5,4,4,4,2,2,2,2,2,2,2,2,1,1,2,3,4,1,1
76,4,3,5,4,5,3,3,2,2,2,1,1,1,2,5,4,3,2,2,1,3,1,4,1,3,4,4,4,4,5,4,3,4,5,3,2,2,3,5,1,2,1,3,4,3,2,1,1,1,1,2,4,5,3
77,5,4,2,4,2,2,3,4,4,5,1,1,1,3,1,1,4,1,3,2,2,2,2,1,2,2,1,5,5,5,5,5,5,5,5,5,5,5,2,3,3,3,3,3,3,4,1,4,3,6,5,2,3,1
78,5,2,2,2,3,2,4,1,1,3,1,4,1,4,1,1,2,1,4,2,2,1,2,1,4,5,5,5,5,5,2,5,2,5,5,5,5,1,5,5,2,1,4,3,5,3,1,3,1,6,1,4,1,1
79,5,3,2,3,4,3,4,4,5,2,1,4,3,2,2,2,2,2,2,2,2,2,2,2,4,5,4,2,4,4,5,4,5,5,2,2,5,2,5,3,3,3,3,3,3,4,1,4,3,7,1,4,10,1
80,5,5,5,5,5,5,5,5,5,5,5,5,5,5,5,5,5,5,5,5,5,5,5,5,5,5,5,5,5,5,5,5,5,5,5,5,5,5,5,4,4,3,3,5,5,5,2,1,1,1,1,5,5,3
81,5,5,3,4,3,4,3,5,5,3,2,1,1,3,4,5,4,5,2,2,2,2,2,2,3,4,4,5,5,5,5,5,3,3,4,4,5,3,5,4,4,4,4,4,4,4,2,1,3,1,7,6,5,3
82,4,4,2,4,3,3,3,1,2,2,1,1,1,1,1,1,1,1,2,1,3,2,2,1,2,3,3,3,2,3,1,3,2,2,2,3,3,3,2,5,5,2,3,5,5,5,1,1,1,1,1,4,5,3
83,1,1,1,1,1,1,1,1,1,1,1,1,1,1,1,1,1,1,1,1,1,2,2,2,1,2,2,4,1,1,2,4,1,4,1,1,1,1,1,5,5,5,5,5,5,5,1,1,1,1,1,5,5,3
84,1,1,1,1,2,2,2,1,1,5,2,2,2,2,4,4,1,1,2,2,2,2,2,2,2,2,1,4,1,1,4,5,1,5,1,1,1,1,1,3,2,1,1,3,4,2,1,4,3,6,3,4,1,1
85,5,5,5,5,5,5,5,5,5,5,2,2,2,2,2,3,5,3,2,2,2,2,2,2,5,5,5,5,5,5,4,4,5,5,5,5,5,5,5,5,5,5,5,5,5,5,1,1,1,1,7,5,5,3
86,5,5,5,5,3,5,5,5,5,3,2,4,2,2,2,2,3,2,2,2,2,2,2,1,2,5,4,5,5,5,4,5,5,5,5,5,5,5,5,2,2,2,2,2,2,1,1,1,1,1,2,4,5,3
87,2,2,3,3,2,4,4,2,2,2,2,2,2,2,2,3,4,2,2,2,1,2,3,2,4,4,2,2,2,4,2,2,2,1,2,3,3,3,3,4,2,2,2,3,2,4,1,1,1,1,5,4,5,3
88,5,5,5,5,5,5,5,5,5,2,2,2,2,2,2,2,3,2,2,2,2,2,2,2,4,5,5,5,5,5,5,5,5,5,3,3,3,3,4,3,4,4,4,4,4,5,1,1,1,1,7,5,1,3
89,5,5,4,5,5,5,5,4,4,5,4,2,4,2,3,4,4,2,2,2,2,2,2,3,4,4,4,4,2,5,4,5,2,5,4,5,4,3,4,2,1,1,2,2,3,1,2,4,3,6,3,4,1,1
90,5,3,4,4,3,4,3,2,2,3,2,2,3,2,2,2,3,2,2,2,2,1,3,4,3,2,3,3,4,2,4,4,3,4,4,4,4,3,4,2,4,3,2,2,2,5,2,1,1,1,2,5,8,3
91,5,2,3,2,2,5,5,4,5,1,1,1,1,1,4,4,4,4,2,1,1,1,1,2,4,4,4,5,2,5,2,5,1,4,2,1,1,2,5,2,2,2,2,2,2,2,1,1,1,1,2,4,5,3
92,5,5,5,5,5,5,5,5,5,2,5,5,3,4,4,5,5,5,5,5,5,5,5,5,5,5,5,5,5,5,5,5,5,5,5,5,5,5,5,4,5,5,5,5,5,5,1,1,3,1,7,4,8,3
93,4,5,3,5,5,5,5,5,5,1,1,1,1,1,1,1,1,1,1,1,1,1,1,1,4,4,4,1,1,3,3,1,5,5,5,5,5,5,5,3,1,1,1,1,3,2,2,1,1,1,2,4,5,3
94,5,5,5,5,3,5,5,5,4,4,2,2,2,2,4,5,5,5,2,4,5,2,2,5,4,5,5,5,5,5,5,5,5,5,5,5,5,2,5,2,4,2,2,3,3,4,2,1,1,1,7,4,5,3
95,5,5,5,5,5,5,5,5,5,5,5,5,5,5,5,5,5,5,5,5,5,5,5,5,5,5,5,5,5,5,5,5,5,5,5,5,5,5,5,5,5,5,5,5,5,5,1,3,3,1,1,6,9,1
96,3,2,2,3,2,3,3,2,2,3,2,2,2,1,1,1,3,2,4,3,2,2,2,2,3,5,4,5,5,5,5,5,3,4,2,3,3,2,3,2,5,3,3,3,3,4,1,2,1,1,3,5,1,3
97,3,2,2,3,3,3,4,3,2,4,2,2,2,3,3,3,3,3,3,3,3,3,3,3,3,3,3,2,3,3,3,2,4,4,4,3,4,1,2,4,5,5,5,5,5,5,1,2,3,1,7,5,1,3
98,3,4,3,4,3,3,3,2,2,2,2,4,1,4,1,1,1,2,4,4,2,3,4,4,5,5,5,2,5,4,5,5,5,5,5,5,5,5,5,5,4,4,3,4,5,4,1,4,1,7,5,5,1,1
99,4,5,4,4,5,4,4,4,4,2,2,2,2,2,2,2,4,2,2,2,2,2,2,2,4,4,4,4,4,4,4,4,4,5,5,5,5,5,5,2,5,2,4,5,5,5,1,1,1,1,2,4,8,3
100,4,4,4,4,3,2,5,5,5,3,1,2,2,2,3,2,3,2,3,3,3,3,3,3,2,3,3,3,2,3,3,3,3,3,3,3,3,3,3,2,2,2,2,2,3,2,1,1,1,1,7,5,5,3
101,5,1,2,2,2,3,3,3,2,5,2,2,2,2,2,3,3,2,2,2,2,2,2,2,2,2,2,2,2,2,1,2,2,3,2,2,1,2,2,1,1,1,1,1,1,5,1,1,1,1,2,5,5,3
102,3,1,1,1,3,3,2,1,1,1,1,1,1,1,2,1,1,1,1,1,1,1,1,1,2,4,4,5,5,4,3,5,3,3,1,3,3,3,1,3,2,3,3,3,1,3,1,1,1,1,7,4,5,3
103,4,2,2,3,3,4,4,4,2,4,2,2,4,2,4,3,4,4,2,2,2,2,2,2,4,4,4,4,4,4,4,4,4,4,4,4,4,3,4,4,4,2,4,4,4,4,1,1,1,1,7,4,5,3
104,4,3,2,3,2,3,4,4,3,2,2,2,4,3,4,4,2,4,3,2,2,2,3,2,3,4,3,5,5,5,1,5,5,5,5,5,5,4,4,4,3,2,4,3,4,2,1,1,1,1,2,5,5,3
105,4,5,3,5,3,4,5,3,3,1,1,1,1,1,1,1,2,1,3,3,2,2,1,2,4,5,4,4,1,3,1,1,3,1,1,1,1,3,5,5,5,5,5,5,5,5,1,1,1,1,4,5,9,3
106,1,1,2,1,2,3,2,2,2,2,1,2,1,1,1,1,1,1,3,2,2,3,3,1,2,2,2,1,2,2,2,2,2,2,2,1,2,1,1,3,3,3,5,2,2,3,1,1,1,1,7,5,5,3
107,5,5,5,5,5,5,5,5,5,3,2,2,2,2,4,5,5,5,3,3,2,2,3,3,3,5,5,5,5,5,5,5,5,5,5,5,5,5,5,3,2,2,2,2,3,2,1,6,1,1,7,4,5,3
108,5,3,2,4,4,2,5,5,5,3,2,1,1,3,2,2,3,3,1,1,2,1,1,1,4,1,5,5,3,4,4,5,4,5,2,3,5,1,5,4,5,3,4,4,4,5,2,1,1,6,7,4,5,3
109,4,4,4,4,4,4,4,4,4,2,1,1,1,1,1,1,2,2,2,2,2,2,2,2,2,5,5,5,5,5,5,5,5,5,5,5,5,5,5,1,1,1,1,1,1,1,1,1,1,1,1,4,5,3
110,2,2,2,1,1,2,3,1,1,3,1,1,1,1,1,2,2,2,2,2,3,2,3,2,3,4,4,4,4,4,4,4,4,4,2,4,2,3,4,4,3,2,2,2,4,4,1,1,1,1,7,5,10,3
111,2,1,2,1,2,1,1,1,2,1,1,2,1,2,1,2,2,2,1,2,2,1,3,1,1,2,1,1,2,2,2,2,1,2,2,1,1,1,1,1,2,3,2,1,1,1,1,1,1,1,1,4,5,3
112,4,3,4,4,4,4,4,4,4,4,1,3,1,1,4,3,4,4,4,1,3,1,1,1,5,5,5,5,5,5,5,5,5,5,5,5,5,5,5,5,5,5,5,5,5,5,1,1,1,1,7,2,1,3
113,5,5,5,5,5,5,5,5,5,5,2,2,3,2,3,2,4,4,2,2,2,2,2,2,2,4,2,4,4,4,4,4,5,3,4,2,4,4,4,4,4,2,4,4,4,2,1,1,1,1,7,4,5,3
114,5,5,5,5,5,5,5,5,5,5,2,2,3,2,3,2,4,4,2,2,2,2,2,2,2,4,2,4,4,4,4,4,5,3,4,2,4,4,4,4,4,2,4,4,4,2,1,1,1,1,7,4,5,3
115,4,4,4,4,4,4,4,4,4,4,1,2,2,2,3,3,3,3,4,4,4,4,4,4,4,3,4,4,4,4,4,4,2,2,2,2,2,3,3,3,3,3,3,3,3,3,1,1,1,1,7,2,5,3
116,4,3,3,3,2,3,2,2,3,3,3,3,3,3,3,3,3,3,3,3,3,3,3,3,3,3,3,3,3,3,3,3,3,3,3,3,3,3,3,3,3,3,3,3,3,3,1,1,1,1,5,4,5,3
117,4,4,4,4,4,4,4,4,4,2,1,2,2,4,2,2,2,2,2,2,3,4,2,2,2,4,2,4,4,5,4,5,4,4,4,4,5,4,5,4,5,4,4,4,5,4,1,1,1,1,7,4,5,3
118,4,4,4,4,4,4,4,4,4,2,1,2,2,4,2,2,2,2,2,2,3,4,2,2,2,4,2,4,4,5,4,5,4,4,4,4,5,4,5,4,5,4,4,4,5,4,1,1,1,1,7,4,5,3
119,5,4,4,4,5,3,4,4,5,2,1,1,1,1,2,2,1,2,1,1,2,2,2,3,2,3,3,3,3,3,3,2,2,2,2,1,3,3,2,3,2,2,2,3,4,2,1,1,1,1,1,5,5,3
120,5,5,5,5,5,5,5,5,5,4,2,3,2,2,5,4,5,5,3,2,2,2,2,2,4,5,5,5,5,5,5,5,5,5,5,4,5,5,5,3,4,4,3,5,3,4,2,1,1,1,7,4,5,3
121,2,2,2,2,2,2,1,2,2,1,1,1,1,1,1,1,1,1,1,2,2,1,1,1,2,3,2,2,3,2,2,2,2,3,2,2,3,2,2,2,2,2,2,2,3,3,1,1,1,1,1,4,5,3
122,5,2,2,3,3,3,5,4,2,3,2,2,2,2,2,1,1,2,2,2,2,2,2,2,2,1,2,2,2,1,2,2,2,1,2,2,1,2,2,1,1,1,1,1,1,1,1,1,1,1,7,4,5,3
123,2,2,2,1,2,2,1,2,2,2,2,2,2,3,2,2,2,2,2,2,2,2,3,2,2,3,2,2,3,2,2,2,2,2,2,3,2,2,2,3,3,2,3,3,3,2,1,1,1,1,3,5,5,3
124,3,3,3,3,3,3,3,3,3,3,3,3,3,3,3,3,3,3,3,3,3,3,3,3,3,3,3,3,3,3,3,3,3,3,3,3,3,3,3,3,3,3,3,3,3,3,1,2,3,1,1,2,10,3
125,5,4,5,5,5,4,5,4,4,3,1,1,1,1,2,2,2,1,1,1,2,1,2,1,3,5,5,5,4,4,4,4,1,1,1,1,1,1,1,2,2,2,3,2,4,3,1,1,1,1,7,5,5,3
126,4,1,2,2,2,1,2,2,2,2,1,1,1,1,2,2,3,2,2,1,1,1,1,1,3,4,3,3,4,4,3,4,3,4,2,4,5,1,3,2,2,2,2,2,4,2,1,1,1,1,4,4,5,3
127,4,4,4,4,4,4,4,4,4,4,2,2,2,2,4,4,3,4,4,3,1,1,1,4,4,4,4,4,4,4,4,4,4,4,4,4,4,4,4,4,4,4,4,4,4,4,1,1,1,1,1,4,5,3
128,5,5,5,5,5,5,5,5,5,4,2,2,2,2,3,3,3,3,3,3,3,3,3,3,5,5,5,5,5,5,5,5,5,5,5,5,5,5,5,3,2,2,2,2,2,2,1,2,1,7,3,4,1,1
129,3,3,3,2,3,3,3,3,3,3,3,3,3,3,3,3,3,3,3,3,3,3,3,3,3,3,3,3,3,3,3,3,3,3,3,3,3,3,3,3,3,3,3,3,3,3,1,1,1,1,2,5,8,3
130,5,5,5,5,5,5,5,5,5,2,2,2,2,2,2,5,5,2,2,2,2,2,2,2,5,5,5,5,5,5,5,5,2,5,5,5,5,5,5,5,5,5,5,5,5,5,1,1,1,1,7,5,5,3
131,4,3,3,2,3,4,4,2,2,4,2,2,2,2,2,2,4,2,3,3,2,2,3,2,4,4,4,4,4,4,4,4,2,4,2,4,4,1,2,2,2,2,2,3,2,2,1,1,1,1,3,4,5,3
132,1,3,3,3,3,2,2,3,3,3,2,2,2,2,2,3,3,2,2,2,2,2,2,2,2,3,3,3,3,3,3,3,3,3,3,3,3,3,2,4,4,2,4,4,4,2,1,1,1,1,6,5,3,3
133,5,4,3,4,4,4,4,4,3,3,1,2,2,3,5,2,5,3,2,1,2,2,2,1,3,4,4,4,4,4,5,4,4,4,4,4,4,4,4,3,3,3,2,2,2,3,1,1,1,1,7,4,3,3
134,1,1,1,1,1,1,2,2,1,1,1,1,1,1,1,1,1,1,1,1,1,1,1,1,1,1,1,1,1,1,1,1,1,1,1,1,1,1,1,1,1,1,1,1,1,1,1,1,1,1,1,4,3,3
135,4,2,4,2,2,2,3,2,2,5,2,2,2,2,5,5,5,5,2,4,4,2,4,2,5,5,4,5,4,5,5,5,4,5,5,5,5,4,5,2,3,2,3,4,3,2,1,1,1,1,1,4,5,3
136,4,2,2,2,3,3,1,3,2,2,1,3,1,4,1,3,2,2,2,3,3,2,2,2,3,4,4,4,4,4,4,1,4,4,1,3,3,4,4,3,3,4,4,3,3,4,1,1,1,1,7,5,5,3
137,5,1,3,3,5,3,5,5,3,3,1,1,1,1,1,2,2,1,2,2,3,1,1,2,2,3,3,2,2,3,4,5,3,3,3,3,3,2,2,3,3,1,2,3,3,1,1,1,1,1,2,4,5,3
138,3,3,3,3,3,3,3,3,3,3,3,3,3,3,3,3,3,3,5,5,5,5,5,5,3,3,3,3,3,3,3,3,3,3,3,3,3,3,3,3,3,3,3,3,3,3,1,1,1,1,7,4,5,3
139,3,3,3,3,3,3,3,3,3,3,3,3,3,3,3,3,3,3,5,5,5,5,5,5,3,3,3,3,3,3,3,3,3,3,3,3,3,3,3,3,3,3,3,3,3,3,1,1,1,1,7,4,5,3
140,2,2,2,2,2,2,3,2,2,4,2,2,3,2,3,3,4,2,1,1,1,1,3,1,4,4,4,4,2,4,4,4,2,4,4,4,4,3,4,1,1,1,1,1,1,1,1,1,1,1,7,4,5,3
141,3,2,2,3,3,3,3,2,2,3,1,2,2,4,4,3,3,4,3,2,1,1,2,3,2,2,3,2,3,2,3,2,2,2,3,3,2,2,2,3,3,3,3,3,3,2,1,1,1,1,7,4,5,3
142,4,5,5,5,5,5,4,5,5,3,3,3,3,2,3,2,2,2,3,3,3,3,2,3,3,3,3,3,3,3,3,3,2,3,3,3,3,3,3,2,1,1,3,1,1,3,1,1,1,1,1,5,8,3
143,3,3,3,3,3,3,3,3,3,3,1,3,1,1,3,3,3,3,1,1,1,1,2,1,3,3,3,3,3,3,3,3,3,3,3,3,3,3,3,3,3,3,2,3,3,3,1,1,1,1,2,4,3,3
144,3,2,3,3,3,3,3,2,2,2,2,3,2,2,3,2,3,2,1,1,3,2,2,2,2,2,3,2,2,3,3,3,3,2,3,1,3,3,1,3,2,3,2,1,3,2,1,1,1,1,7,4,5,3
145,3,3,2,3,2,3,3,2,2,2,3,2,3,1,3,3,2,3,2,3,3,2,2,3,2,3,2,2,2,2,2,2,2,2,3,1,3,2,1,2,2,3,2,3,2,2,1,1,1,1,7,4,5,3
146,4,4,4,4,3,4,4,4,4,4,1,1,2,1,3,3,2,3,1,2,2,2,2,2,2,3,2,3,2,2,1,2,1,1,2,1,3,1,1,3,3,2,3,3,3,2,1,1,1,1,7,5,5,3
147,5,4,4,4,4,5,4,3,4,2,2,2,3,2,3,2,3,3,2,2,2,2,2,2,4,4,4,4,4,4,4,4,4,4,4,4,4,2,4,2,4,3,2,2,3,2,2,1,1,1,2,4,5,3
148,3,4,4,4,4,4,4,4,4,4,2,3,3,3,4,3,3,3,3,2,2,2,2,2,4,4,4,4,4,4,4,4,4,4,4,4,4,4,4,2,3,3,2,2,2,3,2,1,1,1,7,4,5,3
149,5,5,5,5,5,5,5,5,5,3,2,2,2,2,3,4,4,4,2,2,2,1,3,1,3,4,5,5,5,5,5,5,5,5,3,3,3,3,3,3,3,3,3,3,3,3,1,1,1,1,7,4,5,3
150,4,4,4,3,2,4,4,3,3,3,2,2,1,1,1,1,1,1,2,1,1,1,3,1,3,4,3,2,5,5,1,5,5,5,5,5,5,5,5,5,4,3,3,4,5,3,1,1,1,1,5,4,5,3
151,5,4,2,4,3,4,3,3,2,4,4,2,2,2,2,2,3,3,1,1,1,1,2,1,4,4,4,4,4,4,4,4,3,3,3,3,3,3,3,3,3,3,3,3,3,3,1,1,1,1,1,5,3,3
152,5,5,5,4,4,4,5,3,4,3,2,2,2,2,3,3,5,5,2,2,2,2,2,3,3,5,5,5,5,5,5,5,3,5,5,5,5,5,5,2,3,3,3,3,3,3,1,1,1,1,7,5,5,3
153,4,3,3,4,4,3,4,3,4,4,2,2,4,2,4,4,2,4,2,2,2,2,2,2,4,4,4,4,4,4,2,4,4,4,4,2,2,4,4,5,3,3,3,2,5,3,2,4,1,2,3,4,1,1
154,4,5,4,4,4,4,4,4,4,2,1,2,2,1,2,1,1,2,2,1,4,1,2,1,2,4,5,1,2,2,2,1,2,2,1,5,4,2,2,4,2,2,1,2,4,4,2,1,1,1,7,4,5,3
155,2,2,2,2,3,3,3,2,2,1,1,1,1,1,1,1,1,1,1,1,1,1,1,1,1,1,1,1,1,1,1,1,1,1,1,1,1,1,1,1,1,1,1,1,1,1,1,1,1,1,1,4,1,3
156,1,1,3,1,2,2,1,1,1,1,1,1,1,1,1,1,1,1,1,1,1,1,1,1,1,1,1,1,3,2,1,1,1,1,1,1,1,1,1,1,1,1,1,1,1,1,1,1,1,1,1,4,3,3
157,3,2,2,2,2,4,2,2,2,2,2,2,2,2,2,2,2,2,2,2,2,2,2,2,2,4,4,4,3,3,4,3,3,2,3,4,3,3,3,2,4,2,2,2,2,4,2,1,1,1,7,4,5,3
158,4,2,3,3,2,2,2,3,3,2,2,2,2,2,2,2,5,4,3,2,3,2,3,2,4,4,4,4,4,4,4,4,4,4,2,3,4,4,3,3,3,2,3,3,2,3,1,1,1,1,7,4,5,3
159,2,2,2,2,2,1,1,2,2,1,2,2,1,1,2,2,2,1,1,1,1,2,2,2,2,2,1,2,2,2,1,1,1,1,1,2,2,1,2,1,1,2,2,1,2,2,1,1,1,1,1,4,5,3
160,3,2,3,3,3,3,4,4,3,1,1,1,1,1,1,1,1,1,1,1,1,1,1,1,1,1,1,1,1,1,1,1,1,1,1,1,1,1,1,1,1,1,1,1,1,1,1,1,1,1,1,1,1,1
161,2,2,3,2,2,3,2,2,3,2,1,1,1,1,2,2,3,2,2,2,2,2,2,2,2,3,2,3,3,3,2,2,2,2,2,2,2,3,2,1,1,1,1,1,1,1,1,1,1,1,1,4,5,3
162,5,5,5,5,5,4,5,5,5,5,2,2,2,2,3,3,5,4,2,3,3,2,3,2,3,2,2,4,2,2,3,3,2,2,2,2,2,2,2,3,2,3,3,3,3,2,1,3,3,2,7,4,1,1
163,5,5,4,5,5,5,5,5,5,4,2,2,2,2,2,3,4,2,2,2,2,2,3,2,3,5,5,5,5,5,5,5,3,1,2,1,2,3,1,4,3,2,3,3,4,3,1,1,1,7,7,5,1,3
164,4,2,3,3,4,4,2,4,4,2,2,2,2,2,2,2,2,2,2,2,2,2,3,2,3,3,3,3,3,3,3,3,3,4,4,2,4,4,4,2,2,3,3,3,3,3,1,1,1,1,1,4,5,3
165,3,2,1,2,1,2,3,2,2,2,1,1,1,1,2,2,1,2,2,2,3,2,2,2,3,3,3,3,3,3,3,3,3,3,2,3,3,2,4,2,1,2,2,2,2,3,1,1,1,1,2,4,5,3
166,3,2,1,2,1,2,3,2,2,2,1,1,1,1,2,2,1,2,2,2,3,2,2,2,3,3,3,3,3,3,3,3,3,3,2,3,3,2,4,2,1,2,2,2,2,3,1,1,1,1,2,4,5,3
167,2,2,4,2,2,4,4,2,2,2,5,2,2,1,2,2,2,2,2,2,4,2,2,2,2,2,4,2,4,2,2,2,5,4,4,2,4,4,2,2,2,2,4,4,4,4,1,1,1,1,1,4,5,3
168,4,4,4,4,4,4,4,4,1,4,3,3,3,3,3,1,4,4,4,4,1,1,4,1,4,4,4,4,4,3,4,4,4,4,4,4,4,1,4,2,2,2,2,2,2,4,1,1,1,1,7,4,5,3
169,4,4,4,4,4,4,4,4,4,3,2,2,2,2,4,4,4,4,4,4,4,4,4,4,3,3,3,3,3,3,3,3,3,4,4,4,4,4,4,2,2,2,2,2,2,2,1,1,1,1,7,5,5,3
170,5,5,5,5,5,5,5,4,2,5,5,5,5,5,5,5,5,5,2,2,2,2,3,2,5,4,5,4,5,5,5,5,5,5,5,4,5,5,5,4,2,2,2,2,4,2,2,3,2,2,3,4,1,1
171,3,2,2,3,2,3,3,3,3,2,2,2,2,2,2,2,2,2,2,2,2,2,2,2,2,3,3,3,3,3,2,3,2,3,3,3,3,2,3,2,3,3,3,3,3,3,1,1,3,1,3,5,1,3
172,4,3,3,4,4,4,5,4,3,2,1,1,1,1,1,1,4,4,2,2,1,1,1,1,4,2,3,3,3,3,4,4,4,5,2,2,2,3,3,2,2,2,2,2,3,3,2,1,1,1,7,5,5,2
173,5,5,5,5,5,5,5,5,5,2,2,2,2,2,4,2,5,4,3,4,3,2,4,4,5,5,5,5,5,5,5,5,5,5,5,5,5,2,5,3,2,3,4,2,3,4,2,3,7,4,7,5,1,2
174,3,3,4,5,3,2,4,4,4,4,4,3,4,2,4,4,2,2,2,2,2,2,2,2,4,4,4,4,4,4,3,4,3,4,4,4,4,4,4,3,2,4,3,4,4,4,1,1,1,1,7,4,5,2
175,4,3,3,4,3,3,3,4,4,1,1,2,2,2,1,1,2,1,2,2,2,2,2,1,2,5,5,5,5,5,5,5,5,5,5,5,5,5,5,3,3,3,3,3,3,3,1,2,1,1,7,5,5,2
176,5,4,5,5,5,5,5,3,3,1,1,1,1,2,2,1,2,1,2,2,2,1,2,2,5,5,5,5,5,5,4,5,5,5,5,5,5,4,5,4,4,4,4,4,4,4,2,2,1,2,1,5,2,2
177,2,2,3,3,2,1,1,1,1,2,2,2,2,2,2,2,2,2,2,1,2,2,2,1,2,4,4,2,4,4,2,4,4,4,4,4,4,2,4,1,3,3,3,3,2,4,1,2,7,7,4,6,10,2
178,5,5,5,5,3,4,5,5,5,3,2,2,2,3,4,5,5,5,2,2,2,2,2,2,5,5,5,5,5,5,5,5,5,5,5,5,5,4,4,2,2,2,3,2,2,1,1,2,3,1,1,5,1,3
179,5,3,4,3,3,3,4,3,3,2,2,1,1,2,3,2,3,2,1,1,1,1,1,1,3,5,5,5,5,5,5,5,5,5,2,5,5,5,5,3,4,2,2,3,4,3,1,1,1,1,7,4,1,2
180,5,5,3,5,5,5,5,5,5,4,5,5,5,5,5,5,5,5,1,1,1,1,1,1,5,5,5,5,5,5,5,5,5,5,5,5,5,5,5,2,5,5,2,5,5,3,2,1,1,1,1,5,1,3
181,4,4,2,3,3,2,4,4,4,4,2,2,2,4,2,2,3,2,3,2,2,2,3,2,4,2,2,2,4,2,2,4,2,4,4,4,2,4,4,5,4,2,2,3,5,2,2,4,3,2,3,4,2,1
182,4,2,3,3,3,4,4,4,4,5,1,2,1,1,4,3,5,4,2,2,2,2,2,2,4,4,3,3,4,4,4,5,5,5,5,3,5,5,4,3,2,2,2,3,3,2,1,3,3,6,2,5,3,1
183,5,3,5,5,5,5,5,5,5,5,5,2,2,2,2,4,5,5,2,2,1,1,1,1,5,2,5,5,5,5,5,5,5,5,5,5,5,5,5,2,1,1,1,1,2,1,2,4,3,2,7,4,3,1
184,4,4,4,3,2,4,4,3,3,3,2,2,1,1,1,1,1,1,2,1,1,1,3,1,3,4,3,2,5,5,1,5,5,5,5,5,5,5,5,5,4,3,3,4,5,3,1,1,1,1,5,4,5,3
185,1,1,1,3,4,4,4,1,1,4,2,4,2,4,2,2,4,2,2,4,1,1,2,2,4,4,4,2,4,4,2,4,4,4,2,4,4,4,4,5,4,4,4,4,5,5,2,2,3,1,3,5,1,1
186,5,4,2,4,3,4,3,2,1,5,5,5,5,5,5,5,5,5,2,3,2,2,3,2,4,5,5,5,5,5,5,5,5,5,5,5,5,2,5,3,2,3,3,4,3,3,1,4,1,2,5,4,1,1
187,5,2,3,3,3,3,2,2,2,2,2,2,2,2,2,2,2,2,2,2,2,1,2,2,4,4,4,2,4,4,4,4,4,4,4,3,4,3,4,2,2,2,2,2,2,2,1,2,3,2,5,5,1,1
188,4,2,2,2,3,2,2,2,2,2,2,2,2,2,2,2,3,2,2,2,2,2,2,2,2,3,3,2,2,2,2,3,2,3,3,3,3,3,3,2,2,2,2,3,3,2,2,5,3,7,2,4,6,1
189,1,1,1,1,1,2,4,2,1,4,2,1,1,4,3,1,3,3,1,1,1,1,1,1,2,1,2,1,3,3,3,3,5,5,5,2,3,1,3,5,4,2,3,2,5,3,2,3,4,6,1,4,1,1
190,4,4,4,4,4,4,4,4,4,3,3,2,3,3,4,4,4,4,1,1,1,1,2,3,4,4,4,4,4,4,4,4,4,4,4,4,4,4,4,4,4,3,4,4,4,3,2,5,3,1,2,5,1,1
191,2,2,3,3,3,4,5,4,3,4,4,5,4,3,5,4,5,5,2,3,2,1,2,2,3,5,5,4,5,4,5,5,5,5,5,5,5,5,3,2,2,1,1,2,3,1,2,2,3,1,7,6,1,1
192,5,5,5,5,3,5,5,5,5,2,2,2,1,1,3,2,4,5,2,2,3,2,2,2,5,5,3,1,1,1,4,5,5,5,5,5,5,5,5,2,2,2,2,2,2,2,2,2,3,1,7,6,1,1
193,1,1,2,1,3,2,2,2,2,4,2,3,2,2,4,4,5,4,2,2,1,1,2,1,2,5,2,3,3,5,4,4,5,5,4,3,4,2,4,3,2,1,1,2,3,1,1,2,1,7,1,5,8,1
194,1,2,2,2,2,2,3,2,2,3,2,1,1,1,2,2,2,2,1,2,2,2,2,1,4,1,1,2,4,4,2,4,4,4,2,1,2,1,2,5,2,1,5,3,4,2,2,4,4,7,1,7,2,1
195,5,3,3,3,3,3,4,4,4,5,2,2,2,2,2,2,2,2,3,2,2,2,2,2,2,2,2,2,4,4,4,4,5,5,5,1,2,3,5,4,4,2,2,3,5,4,2,4,3,6,2,6,1,1
196,4,2,2,3,2,3,3,3,3,4,2,2,2,2,2,2,2,2,2,2,2,2,3,3,2,3,3,2,3,3,3,3,4,4,4,4,4,4,4,3,2,2,2,2,3,3,2,2,3,2,2,5,1,1
197,4,2,2,3,3,2,3,2,2,1,1,2,1,2,2,2,3,2,2,1,1,1,2,2,2,3,3,2,4,4,4,4,4,4,4,4,4,2,5,2,2,2,2,2,2,2,1,2,7,7,7,4,1,2
198,2,2,3,3,3,3,3,3,3,3,3,3,3,3,3,3,3,3,3,3,3,3,3,3,3,3,3,3,3,3,3,3,3,3,3,3,3,3,3,3,3,3,3,3,3,3,1,3,3,7,7,4,1,1
199,5,2,2,2,3,2,4,2,2,2,2,2,3,2,2,2,2,2,1,2,1,2,2,2,2,2,3,2,4,5,2,3,4,4,4,4,4,2,2,4,3,3,3,3,3,3,1,3,3,1,3,5,3,1
200,3,3,2,2,2,2,2,2,2,1,1,1,1,1,1,1,1,1,2,1,2,1,2,1,2,1,2,2,1,2,1,2,2,1,2,2,1,1,2,2,1,2,3,2,3,2,2,2,3,2,7,4,1,2
201,3,3,3,3,3,3,3,3,3,2,2,2,2,2,2,2,2,2,2,2,2,2,2,2,2,3,3,3,3,3,3,3,3,3,3,3,3,2,2,2,2,2,2,2,2,2,2,2,3,3,1,7,2,2
202,5,4,4,4,4,4,5,4,4,5,4,4,4,4,4,4,4,4,4,3,4,3,5,5,5,5,5,5,5,5,4,5,5,5,5,5,5,5,5,5,4,2,2,2,5,2,1,5,3,3,3,5,6,2
203,1,1,1,1,1,1,1,1,1,1,1,1,1,1,1,1,2,1,1,2,2,2,2,2,3,3,3,3,3,1,2,3,2,3,2,3,3,1,3,4,4,4,2,2,5,4,1,3,1,1,3,6,1,2
204,5,3,3,4,4,4,5,5,5,3,2,2,2,2,2,3,5,5,4,3,4,2,2,2,4,4,4,5,5,5,5,5,5,5,5,5,5,5,5,2,2,2,2,2,2,2,2,1,3,3,1,5,1,1
205,5,2,3,2,1,4,5,3,1,5,1,1,1,1,1,1,5,4,2,1,1,1,1,1,5,5,5,5,5,5,5,5,5,5,5,5,5,5,5,2,1,1,1,1,3,2,2,5,3,2,5,6,6,1
206,4,2,2,2,3,2,2,2,2,4,4,4,4,4,4,4,4,4,3,2,2,2,3,4,4,4,4,4,4,4,4,4,4,4,4,4,4,2,4,2,2,2,2,2,2,2,2,4,3,2,3,4,1,1
207,4,2,4,2,4,4,4,1,1,4,2,1,2,4,4,1,2,1,1,1,1,1,1,1,5,5,5,5,5,1,5,5,5,5,5,5,1,5,5,4,2,1,1,2,4,2,1,3,3,6,3,5,1,1
208,1,1,1,2,2,2,2,2,2,4,4,1,5,1,2,2,2,1,1,2,2,2,4,1,2,2,3,2,2,2,2,2,1,4,2,2,2,2,4,2,2,2,2,2,2,2,2,4,2,8,3,4,3,1
209,5,2,2,4,2,4,3,2,2,2,4,2,2,2,2,2,4,4,1,1,1,1,1,1,4,4,2,4,4,4,4,4,4,4,4,4,4,2,4,3,5,3,2,3,3,4,1,1,1,2,7,4,1,1
210,4,4,4,4,4,4,4,4,4,5,5,2,4,4,4,4,5,5,3,2,4,4,2,2,4,4,4,5,5,5,5,5,5,5,5,5,5,5,5,4,4,5,4,3,4,5,2,3,7,7,7,3,1,1
211,4,4,4,4,4,4,4,4,4,2,2,2,2,2,2,2,2,2,2,2,2,2,2,2,4,4,4,4,4,4,4,4,4,4,4,4,4,4,4,5,5,5,5,5,5,5,1,3,7,6,7,4,5,1
212,4,3,3,3,3,3,3,3,3,3,3,3,3,3,3,3,3,3,3,3,3,3,3,3,3,3,3,3,3,3,3,3,3,3,3,3,3,3,3,3,2,3,3,3,3,3,1,2,1,7,3,5,1,1
213,4,4,4,4,4,4,4,4,4,5,5,2,2,2,2,2,2,4,3,2,2,1,2,2,4,5,5,5,5,5,5,5,4,5,5,5,5,5,5,3,3,2,3,3,3,4,2,2,3,7,7,4,10,2
214,5,4,4,5,5,5,5,2,2,5,5,5,5,5,5,5,5,5,5,5,5,5,5,5,5,5,5,5,5,5,5,5,5,5,5,5,5,5,5,4,5,4,2,4,4,2,1,2,1,6,2,6,1,1
215,2,1,2,3,2,2,2,3,3,4,1,2,2,2,2,4,5,3,1,2,2,1,2,1,4,4,5,3,2,4,4,5,4,2,2,4,2,4,2,1,1,1,2,1,1,3,1,1,1,4,7,5,5,1
216,4,3,3,4,3,3,3,3,3,5,5,5,5,5,5,5,5,5,4,4,4,4,4,4,5,5,5,5,5,5,5,5,5,5,5,5,5,5,5,2,2,2,2,2,3,2,1,4,1,7,3,2,2,1
217,5,5,3,5,5,5,5,5,5,3,2,2,2,2,2,2,4,2,2,2,2,2,3,2,4,3,4,4,4,4,4,4,4,4,4,4,4,3,4,3,2,2,2,3,3,2,2,2,1,3,7,6,1,1
218,1,1,2,2,2,2,2,1,1,3,2,2,2,1,2,2,3,2,2,2,2,1,2,2,2,3,2,2,3,4,2,4,4,4,2,3,3,1,2,3,3,1,1,3,3,3,2,3,5,7,2,5,1,1
219,5,3,2,4,2,1,5,4,3,4,5,5,5,1,5,5,5,4,3,4,2,3,4,2,5,5,5,5,5,5,5,5,5,5,5,5,5,1,5,3,2,4,2,2,3,4,2,1,1,1,7,5,5,1
220,5,3,5,5,5,5,5,2,2,4,1,1,1,4,1,1,5,5,1,1,1,1,1,1,5,5,5,5,5,5,5,5,5,5,5,5,5,5,5,3,3,3,2,2,5,3,1,2,1,2,1,5,8,1
221,4,4,4,4,4,4,4,4,4,4,2,3,2,2,3,4,4,4,3,2,2,2,3,3,4,4,4,4,4,4,3,4,4,4,4,2,4,5,5,2,2,2,2,2,2,2,2,3,3,7,7,6,1,1
222,5,2,2,2,2,2,4,2,2,2,2,2,2,2,2,2,2,2,2,2,2,2,2,2,2,4,4,4,4,4,4,4,4,4,4,4,4,5,4,1,1,1,4,1,2,2,2,3,3,1,5,4,1,2
223,5,5,5,5,5,5,5,5,5,2,2,2,2,2,2,2,2,2,2,2,2,2,2,2,2,2,2,2,2,2,2,2,5,5,5,5,5,5,5,3,3,3,3,3,3,3,2,6,7,1,7,4,1,2
224,5,5,5,5,5,5,5,5,5,2,2,2,2,2,2,2,2,2,2,2,2,2,2,2,5,5,5,5,5,5,5,5,5,5,5,5,5,5,5,3,3,3,3,3,3,2,1,3,3,1,7,7,10,2
225,1,2,1,2,2,2,2,2,2,1,1,1,1,1,1,1,1,1,1,1,1,1,1,1,1,2,1,1,1,2,1,1,1,2,1,1,1,1,1,2,2,3,2,2,3,2,1,2,3,1,5,4,1,2
226,4,3,3,4,4,2,4,3,2,2,2,2,2,2,2,2,4,2,2,2,2,2,3,2,4,4,4,4,4,4,4,4,4,4,4,4,4,3,4,3,3,3,3,3,3,3,1,2,3,1,7,7,1,2
227,2,2,2,2,2,1,1,1,1,3,2,2,2,2,2,2,2,2,1,2,2,2,2,2,3,3,2,2,2,3,3,2,2,2,2,2,1,1,1,3,2,2,2,2,2,3,2,3,3,2,7,7,3,2
228,4,4,4,4,4,4,5,2,2,2,1,2,1,4,1,1,2,1,2,2,2,2,2,2,4,4,2,2,4,4,2,2,4,5,2,4,5,4,2,3,2,2,3,3,4,4,2,2,3,4,1,5,1,2
229,5,3,3,5,3,1,3,3,3,2,2,1,1,3,1,3,3,1,2,2,1,1,2,1,1,3,3,2,5,4,3,5,5,5,5,5,5,5,5,1,1,2,1,2,1,2,2,1,1,1,7,4,5,2
230,5,5,5,5,5,5,5,3,1,5,5,5,5,1,5,5,5,5,2,2,3,2,3,3,4,4,4,4,4,4,4,4,4,4,4,5,5,5,4,3,3,2,2,2,3,3,1,3,3,7,2,6,1,1
231,5,5,5,5,5,5,2,5,5,3,2,2,2,2,2,2,2,2,1,2,2,2,2,2,3,3,3,3,3,3,3,3,3,3,3,3,3,3,3,3,3,3,3,3,3,3,2,1,1,1,7,7,8,2
232,2,2,2,3,2,2,2,2,2,1,1,1,1,2,2,1,3,1,2,2,2,2,2,3,2,2,2,2,1,2,2,4,2,4,2,3,2,2,2,4,3,2,2,2,4,2,2,2,3,1,7,5,5,1
233,4,3,4,4,2,4,4,4,4,2,2,2,2,2,2,2,2,2,2,2,2,2,2,2,4,4,4,2,4,4,2,4,4,4,4,4,4,4,4,2,2,2,2,2,2,2,2,2,1,7,2,4,1,1
234,3,2,3,2,3,2,2,2,2,1,1,1,1,1,1,1,1,1,2,1,1,2,1,2,1,1,2,2,1,1,1,1,2,2,2,2,2,2,2,2,2,2,2,2,2,2,1,1,1,1,2,4,1,1
235,5,2,5,4,3,3,3,2,2,5,2,2,2,2,3,5,5,5,3,2,2,2,2,2,5,5,5,5,5,5,5,5,5,5,5,5,5,2,5,1,1,1,1,1,2,2,1,2,3,1,7,4,1,1
236,3,2,3,3,3,3,3,3,3,4,2,2,2,2,2,2,3,5,2,2,2,2,2,2,3,4,4,4,4,2,4,4,3,4,2,2,2,4,4,4,4,5,5,3,4,5,1,3,1,7,7,5,1,2
237,1,2,1,2,2,3,3,3,3,4,3,2,3,5,2,2,5,2,1,1,1,1,3,3,5,1,5,5,3,5,5,5,3,5,2,3,5,5,3,5,2,1,1,3,5,1,1,3,2,6,3,6,3,1
238,4,2,2,4,3,3,3,3,3,1,2,2,2,2,2,2,2,2,2,2,2,2,2,2,3,4,4,2,3,4,2,4,4,4,4,2,2,2,2,2,2,2,2,2,2,2,2,2,2,1,2,5,5,2
239,5,5,5,5,5,5,5,5,5,4,2,4,1,1,1,1,5,2,4,4,4,4,4,4,5,5,5,5,5,5,5,5,5,5,5,5,5,1,5,5,5,2,1,2,5,3,1,2,3,2,7,6,1,1
240,5,3,4,4,4,4,4,4,4,2,1,1,1,1,1,1,4,4,1,2,1,1,1,1,5,5,5,4,4,4,4,4,5,5,5,5,5,4,4,4,2,2,2,3,4,3,2,1,1,1,7,4,5,2
241,5,5,3,5,5,2,5,4,5,4,1,1,1,1,1,1,2,2,2,2,2,2,4,2,5,1,5,5,4,5,5,5,5,5,5,5,5,3,5,2,2,1,1,2,2,2,1,1,1,7,7,4,3,1
242,4,4,2,4,2,4,4,1,1,2,2,1,1,1,2,1,4,2,1,1,2,1,1,1,5,5,5,5,4,5,4,5,4,4,4,4,4,4,5,2,2,2,1,2,2,1,2,1,1,8,5,4,1,1
243,5,5,5,5,5,5,5,5,5,5,5,5,5,5,5,5,5,5,2,2,2,2,5,5,5,5,5,2,5,5,5,5,5,5,5,5,5,5,5,5,5,5,5,5,5,5,1,5,1,2,1,6,1,1
244,5,2,2,3,3,3,2,2,2,1,3,3,3,2,3,3,2,3,2,2,2,2,2,2,3,5,4,4,4,4,4,4,1,1,1,1,1,1,1,3,3,1,3,3,1,1,1,5,3,2,1,5,1,1
245,5,3,3,3,3,3,3,3,3,2,2,2,1,1,1,1,1,1,2,2,2,2,2,2,5,5,5,5,5,5,5,5,5,5,5,5,5,2,4,3,3,3,3,3,3,3,2,3,3,3,2,2,3,2
246,5,5,5,5,5,5,5,5,5,5,5,3,2,5,4,3,4,4,3,3,4,5,2,2,5,4,5,5,5,5,5,5,5,5,5,4,5,5,5,3,2,2,3,3,4,2,1,4,3,5,7,6,1,1
247,2,2,2,3,4,4,2,2,2,2,2,2,2,2,2,2,2,2,2,2,2,2,3,2,3,3,3,1,3,4,1,3,3,3,3,3,3,2,3,1,1,1,1,1,2,1,1,2,3,2,2,5,1,1
248,5,2,3,2,3,2,5,2,2,2,2,2,2,2,2,2,2,2,2,2,2,2,2,2,2,4,2,3,4,4,4,4,4,4,4,4,4,5,4,2,2,2,2,2,2,2,2,2,1,1,5,5,1,2
249,4,4,4,4,4,3,4,2,1,4,1,1,1,1,2,3,4,4,1,1,1,2,3,4,2,4,2,2,4,4,2,4,4,4,4,4,4,2,5,2,1,2,2,1,2,2,2,1,3,2,3,5,1,1
250,1,1,1,2,3,3,2,2,2,2,2,1,1,1,1,1,2,2,2,2,1,2,3,2,4,4,4,3,1,3,3,3,2,3,2,4,4,5,5,1,1,1,1,1,2,1,1,4,3,1,1,6,1,1
251,5,3,4,5,4,5,5,4,4,2,2,2,2,4,2,2,5,4,2,2,2,2,5,1,5,4,5,5,5,5,5,5,5,5,5,5,5,5,5,2,2,2,2,2,3,2,1,1,2,8,3,4,1,1
252,1,1,1,1,1,1,1,1,1,2,1,1,1,1,1,1,1,1,1,1,1,1,1,1,4,3,4,3,4,4,3,3,3,4,2,2,2,1,1,3,3,3,3,3,3,3,2,3,3,1,2,6,1,2
253,5,4,4,4,4,4,4,4,4,2,2,4,2,2,2,2,4,4,2,2,2,2,2,2,2,2,2,4,4,4,4,4,4,4,4,4,4,1,4,4,4,4,4,4,4,5,1,2,2,6,5,4,1,1
254,4,4,4,4,5,5,5,3,3,2,2,2,4,2,2,2,2,3,2,2,1,1,3,2,2,4,2,2,4,4,4,4,5,5,5,5,5,2,5,4,4,4,4,3,3,3,2,3,3,2,7,4,1,2
255,4,3,4,3,3,4,3,3,2,2,1,1,1,1,1,1,2,2,2,3,2,2,2,2,4,4,4,4,4,4,4,4,5,5,5,5,5,5,5,2,2,2,2,2,2,2,2,2,3,1,7,5,1,2
256,5,4,4,5,5,5,5,4,4,2,2,2,2,2,2,2,2,2,1,1,1,1,1,1,4,5,5,5,5,5,5,5,5,5,5,5,5,3,5,1,1,1,1,1,2,1,2,2,3,1,7,6,1,2
257,5,5,5,5,3,3,5,3,3,2,2,2,2,2,2,2,2,2,2,3,3,4,4,3,5,5,5,5,5,5,2,4,5,5,5,5,5,5,5,5,4,4,4,5,5,4,2,3,7,7,7,7,1,2
258,5,5,5,5,5,4,5,5,5,2,2,2,2,2,2,2,5,3,2,2,2,1,3,4,4,5,5,5,5,5,5,5,5,5,5,5,5,4,5,3,2,2,3,3,4,3,2,3,3,1,7,5,1,2
259,3,3,3,3,3,3,3,3,3,3,3,3,3,3,3,3,3,3,2,2,2,2,2,2,3,3,3,3,3,3,3,3,3,3,3,3,3,3,3,2,2,2,2,2,2,2,2,2,4,8,2,2,1,1
260,3,2,2,2,2,2,2,2,2,2,2,2,2,2,2,2,2,2,2,2,3,3,3,3,3,2,3,2,2,3,3,3,3,3,3,2,3,3,3,3,3,3,3,2,2,3,1,2,1,3,1,2,1,2
261,1,1,1,3,2,1,2,1,1,1,1,1,1,1,1,1,2,1,2,2,2,1,2,2,3,3,3,2,3,3,3,3,3,3,3,2,2,1,2,3,3,3,3,3,3,3,1,3,3,1,5,3,3,2
262,1,1,1,3,2,1,1,1,1,1,1,2,1,1,1,1,2,1,2,2,3,2,2,2,2,3,2,2,3,3,2,2,3,3,2,2,1,1,1,3,3,3,3,3,3,3,1,2,1,1,7,5,1,2
263,3,1,1,3,1,1,1,1,1,1,1,2,1,1,1,1,2,1,2,2,2,2,2,2,2,3,2,2,3,2,2,2,3,3,2,2,2,1,1,3,3,3,3,3,3,3,1,3,3,1,5,5,1,2
264,1,1,1,3,1,1,1,1,1,1,1,1,1,1,1,1,2,1,2,2,2,2,2,2,2,3,2,2,2,2,2,2,2,3,2,2,1,1,1,3,3,3,3,3,3,3,1,3,3,1,7,4,1,2
265,3,1,1,2,1,1,1,1,1,1,1,1,1,1,1,1,1,1,2,2,2,2,2,2,2,3,2,2,3,3,3,3,3,3,2,2,2,2,2,3,3,3,3,3,3,3,1,2,2,1,7,4,1,2
266,5,3,5,4,4,4,4,1,1,4,5,2,1,5,5,5,2,5,1,1,1,1,3,2,2,5,5,5,5,5,1,5,5,5,5,5,5,2,5,1,1,1,1,1,2,1,1,3,4,2,3,5,1,1
267,4,3,5,4,4,4,4,3,3,2,2,2,2,2,3,3,3,3,2,2,3,2,3,2,2,2,3,3,3,3,3,3,3,3,3,4,3,3,3,2,2,2,2,2,2,2,2,1,1,4,7,5,5,1
268,5,2,3,3,3,3,5,2,3,3,1,2,1,1,1,1,2,2,1,1,1,1,3,2,3,5,4,4,5,5,5,5,5,5,5,5,5,4,5,2,2,3,3,2,3,3,2,5,4,7,2,3,3,1
269,5,2,1,4,2,2,4,4,4,1,1,1,1,1,1,1,1,1,1,1,1,1,1,1,2,5,5,5,5,5,2,5,5,5,5,5,5,5,5,3,1,3,2,2,5,3,2,3,3,1,7,5,1,2
270,1,1,1,2,1,1,1,1,1,1,1,1,1,1,1,1,1,1,1,1,1,1,1,1,1,1,1,1,1,1,1,3,1,3,1,1,1,1,1,3,3,3,3,3,3,3,1,3,3,1,7,6,1,2
271,3,1,1,3,1,1,1,1,1,1,1,1,1,1,1,1,1,1,2,2,2,2,2,2,2,3,2,2,3,3,2,3,3,3,2,2,1,2,2,3,3,3,3,3,3,3,1,2,1,3,7,4,1,2
272,4,4,5,4,3,4,2,3,3,4,2,2,2,2,2,2,2,2,2,2,2,2,2,2,3,3,3,5,5,5,3,4,3,4,4,5,5,5,5,2,3,3,3,2,3,3,2,2,3,1,7,4,1,2
273,3,1,1,3,1,1,1,1,1,1,1,1,1,1,1,1,1,1,2,1,2,1,2,2,2,3,2,2,3,2,2,3,3,3,2,1,1,1,2,3,3,3,3,3,3,3,2,3,3,1,7,5,1,2
274,5,5,5,5,5,3,5,5,5,3,4,5,1,1,3,4,4,5,2,2,2,2,2,2,3,5,5,4,4,4,4,4,5,5,4,5,5,5,5,2,2,3,2,2,3,3,2,2,3,1,7,6,1,2
275,5,1,1,1,3,1,2,1,3,1,2,1,1,3,2,1,1,2,1,3,2,1,1,2,1,2,1,5,5,5,1,5,5,5,1,5,1,1,1,5,3,5,3,1,5,4,1,1,1,2,5,4,1,2
276,3,1,1,3,2,1,1,1,1,1,1,1,1,1,1,1,2,1,2,2,2,2,2,2,2,3,2,2,3,3,2,3,3,3,2,2,1,2,2,3,3,3,3,3,3,3,1,2,1,2,7,4,1,2
277,3,1,1,2,1,1,1,1,1,1,1,1,1,1,1,1,1,1,2,2,2,2,2,2,2,3,2,2,3,3,2,3,3,3,2,2,1,2,2,3,3,3,3,3,3,3,1,3,3,1,7,5,1,2
278,5,3,4,4,4,4,4,4,4,2,1,1,1,1,1,1,4,4,1,2,1,1,1,1,5,5,5,4,4,4,4,4,5,5,5,5,5,4,4,4,2,2,2,3,4,3,2,1,1,1,7,4,5,2
279,4,3,4,4,4,2,3,3,3,4,2,2,2,2,2,2,2,2,2,2,2,2,2,2,3,3,3,3,3,3,3,3,3,3,3,3,3,3,3,3,3,3,3,3,3,3,1,2,1,2,7,4,1,2
280,4,3,4,4,4,2,3,3,3,4,2,2,2,2,2,2,2,2,2,2,2,2,2,2,3,3,3,3,3,3,3,3,3,3,3,3,3,3,3,3,3,3,3,3,3,3,1,2,1,2,7,4,1,2
281,4,3,4,4,5,4,4,3,3,4,4,2,3,2,4,2,4,4,3,2,2,2,4,4,4,5,5,3,3,4,4,4,4,4,4,4,4,4,4,3,2,2,2,2,3,2,2,2,3,3,1,5,3,1
282,4,4,4,4,4,4,4,4,4,4,4,4,4,4,4,2,4,2,4,4,4,4,4,4,4,4,4,4,4,4,4,4,4,4,4,4,4,4,4,3,2,2,4,2,3,3,1,2,3,8,7,2,3,1
283,5,5,5,5,4,5,5,5,5,4,3,2,3,2,3,4,4,4,2,2,3,3,3,2,4,4,4,4,4,5,4,5,5,5,5,5,5,5,4,5,4,4,4,4,5,4,1,2,1,1,1,5,1,1
284,1,1,1,2,2,1,1,2,2,2,2,2,2,1,2,1,1,2,1,1,1,1,1,1,1,3,1,2,2,1,1,1,1,3,1,1,1,1,1,3,1,2,2,3,4,5,2,3,1,1,7,4,3,2
285,1,1,1,2,2,1,1,2,2,2,2,2,2,1,2,1,1,2,1,1,1,1,1,1,1,3,1,2,2,1,1,1,1,3,1,1,1,1,1,3,1,2,2,3,4,5,2,3,1,1,7,4,3,2
286,3,1,1,3,1,1,1,1,1,1,1,1,1,1,1,1,1,1,2,2,2,2,2,2,2,3,2,2,3,3,2,3,3,3,1,1,1,1,2,3,3,3,3,3,3,3,1,4,3,1,7,5,6,2
287,3,1,1,3,1,1,1,1,1,1,1,1,1,1,1,1,1,1,2,1,2,1,2,2,2,3,2,2,3,3,2,3,3,3,2,1,1,1,1,3,3,3,3,3,3,3,1,3,3,3,7,4,3,2
288,2,1,1,2,1,1,1,1,1,1,1,1,1,1,1,1,1,1,2,2,2,2,2,2,2,3,2,2,3,2,2,3,2,3,2,1,1,1,2,3,3,3,3,3,3,3,1,2,1,2,7,4,1,2
289,3,1,1,2,1,1,1,1,1,1,1,1,1,1,1,1,1,1,1,1,1,1,1,1,1,3,1,1,2,1,1,3,1,3,1,1,1,1,1,3,3,3,3,3,3,3,1,4,3,1,7,5,6,2
290,1,1,1,3,1,1,1,1,1,1,1,1,1,1,1,1,1,1,1,1,1,1,1,1,1,3,1,1,3,3,1,1,3,3,1,1,1,1,1,3,3,3,3,3,3,3,1,1,1,1,7,4,1,2
291,1,1,1,2,2,2,2,4,4,3,4,2,2,2,2,2,2,2,2,2,2,2,2,2,3,2,2,2,2,3,3,3,2,3,2,4,4,2,2,4,4,2,2,2,4,2,1,3,3,1,5,5,1,1
292,1,2,2,2,2,3,2,2,2,2,2,2,2,2,2,2,2,2,2,2,1,1,2,2,2,3,1,1,1,1,2,2,2,3,1,1,2,2,2,2,2,2,2,2,3,2,1,3,3,1,3,5,1,1
293,3,1,1,3,1,1,1,1,1,1,1,1,1,1,1,1,1,1,2,2,2,2,2,2,2,3,2,2,2,3,2,3,3,3,2,1,1,1,1,3,3,3,3,3,3,3,1,2,3,1,7,4,1,2
294,3,1,1,2,1,1,1,1,1,1,1,1,1,1,1,1,1,1,2,1,1,1,2,1,2,3,2,1,1,3,2,3,3,3,1,1,1,1,2,3,3,3,3,3,3,3,1,2,1,3,7,4,1,2
295,2,1,1,2,1,1,1,1,1,1,1,1,1,1,1,1,1,1,2,2,2,2,2,2,2,3,2,2,3,3,2,3,3,3,2,1,1,1,2,3,3,3,3,3,3,3,1,3,3,1,7,4,1,2
296,2,4,4,4,4,4,4,4,4,2,2,2,2,2,2,2,3,2,2,2,2,2,2,2,4,4,4,4,4,4,4,4,4,4,4,2,4,4,4,5,4,4,4,4,5,3,1,2,3,3,1,5,1,2
297,4,1,4,4,4,4,4,2,2,4,2,2,2,4,4,4,5,5,2,2,2,2,4,4,5,5,5,2,5,5,5,5,5,5,5,5,5,4,5,2,2,2,2,2,2,2,2,5,4,2,5,2,2,1
298,5,5,5,5,5,5,5,5,5,4,4,2,4,4,5,5,5,5,4,2,2,4,3,2,5,5,5,4,5,5,5,5,5,5,5,5,5,5,5,3,2,2,2,2,2,2,2,4,3,8,7,6,1,1
299,4,4,3,4,4,4,5,5,5,5,5,5,5,5,5,5,2,3,2,2,3,1,2,1,4,5,5,4,4,4,4,4,5,5,5,5,5,4,5,4,4,4,2,3,4,4,1,2,1,8,3,5,1,1
300,5,2,2,4,3,4,5,4,4,5,2,2,2,2,2,2,5,4,3,5,5,1,4,4,5,5,5,5,5,5,5,5,5,5,5,5,5,5,5,2,2,2,2,2,1,2,1,2,3,1,5,6,1,2
301,5,4,3,4,3,4,3,3,2,4,2,4,2,4,4,3,5,4,4,4,4,4,4,4,4,5,5,4,5,5,5,5,5,5,5,5,5,4,3,4,4,3,2,3,4,3,1,2,2,1,2,4,1,1
302,5,5,5,4,4,4,5,5,5,3,3,3,3,3,3,3,3,3,3,3,3,3,3,3,3,3,3,3,3,3,3,3,3,3,3,3,3,3,3,3,3,3,3,3,3,3,1,4,3,7,7,6,1,1
303,5,5,5,5,5,5,5,5,5,5,5,3,3,4,4,3,5,3,3,2,2,2,3,2,5,5,5,5,5,5,5,5,5,5,5,4,5,4,5,3,2,2,2,3,3,2,1,2,3,2,1,5,1,1
304,3,1,1,1,1,1,1,1,1,1,1,1,1,1,1,1,2,1,1,1,1,1,1,1,1,3,2,1,2,2,1,3,3,3,1,1,1,1,1,3,3,3,3,3,3,3,2,3,3,1,7,5,1,2
305,3,1,1,2,1,1,1,1,1,1,1,1,1,1,1,1,1,1,1,1,1,1,1,1,2,3,2,2,3,3,2,3,3,3,1,1,1,1,2,3,3,3,3,3,3,3,1,2,1,3,7,4,3,2
306,1,2,3,2,2,3,2,2,2,5,5,5,5,5,5,5,5,5,2,2,2,2,3,2,5,5,5,2,5,2,4,5,1,5,2,1,1,2,2,3,2,2,1,3,3,3,1,3,3,6,1,6,1,1
307,3,1,1,1,1,1,1,1,1,1,1,1,1,1,1,1,1,1,1,1,1,1,1,1,3,3,2,1,1,1,1,3,3,3,1,1,1,1,1,3,3,3,3,3,3,3,1,3,3,4,7,5,1,2
308,2,1,1,1,1,1,1,1,1,1,1,1,1,1,1,1,1,1,1,1,1,1,1,1,1,1,1,1,1,1,1,1,1,3,1,1,1,1,1,3,3,3,3,3,3,3,1,4,3,1,7,6,6,2
309,3,2,1,2,1,1,1,1,1,1,1,1,1,1,1,1,1,1,1,1,1,1,1,1,2,3,2,2,3,2,2,3,3,3,1,1,1,2,2,3,3,3,3,3,3,3,1,3,3,1,7,4,1,2
310,3,1,1,2,1,1,1,1,1,1,1,1,1,1,1,1,2,1,1,1,1,1,2,1,2,3,2,2,3,3,2,3,3,3,1,1,1,2,1,3,3,3,3,3,3,3,1,2,1,2,7,4,1,2
311,3,1,1,1,1,1,1,1,1,1,1,1,1,1,1,1,1,1,1,1,1,1,2,1,2,3,2,2,3,1,2,3,3,3,1,1,1,1,1,3,3,3,3,3,3,3,1,3,3,1,7,5,1,2
312,5,3,4,3,3,4,5,2,2,4,2,4,2,2,2,3,4,5,2,2,2,2,2,2,4,4,2,2,5,5,5,5,5,5,5,2,5,4,4,2,2,2,2,2,2,2,2,5,3,2,5,5,2,1
313,3,3,4,4,3,3,4,4,4,3,3,3,3,2,2,3,3,3,2,2,2,2,2,2,2,3,3,3,3,4,4,4,3,3,3,3,3,3,3,2,2,2,2,2,2,2,2,3,1,8,7,2,1,1
314,5,5,5,5,5,5,5,5,5,5,5,3,3,4,4,3,5,3,3,2,2,2,3,2,5,5,5,5,5,5,5,5,5,5,5,4,5,4,5,3,2,2,2,3,3,2,1,2,3,2,1,5,1,1
315,1,5,4,4,5,5,5,2,1,2,1,4,2,4,1,2,2,2,2,2,2,2,4,2,5,5,5,2,5,2,2,5,5,5,5,2,5,2,5,5,5,2,5,5,5,4,1,1,3,6,1,4,1,1
316,5,5,2,5,5,5,5,5,4,4,2,2,2,3,2,2,5,3,3,2,2,2,2,2,5,5,5,3,5,5,5,5,5,5,5,5,5,4,5,3,2,2,2,2,3,2,1,4,3,6,2,6,1,1
317,4,2,2,2,3,3,3,2,2,5,5,2,2,2,2,2,5,2,3,3,2,2,2,2,5,5,5,5,5,5,5,5,4,4,2,2,2,3,2,3,2,2,2,2,3,2,2,4,3,2,3,6,2,1
318,5,5,4,4,4,4,5,5,5,4,4,4,4,4,4,4,4,4,2,2,2,2,2,2,4,4,4,4,4,4,4,4,5,5,5,2,5,4,4,2,2,2,2,2,3,2,2,1,2,8,7,4,1,1
319,4,2,4,4,5,3,4,3,3,4,4,2,4,4,4,4,4,3,3,2,4,4,1,3,2,4,4,4,4,4,4,4,2,4,2,2,4,2,1,3,2,1,5,2,3,4,2,2,7,7,4,5,1,1
320,5,5,5,5,5,5,5,5,3,4,2,1,2,2,2,2,5,4,3,2,2,1,2,2,5,4,5,5,5,5,5,5,5,5,5,5,5,2,5,3,2,2,2,3,4,3,1,3,3,2,2,4,1,1
321,5,4,4,4,4,5,4,2,2,5,3,2,3,3,4,4,4,4,2,2,2,2,3,3,4,5,5,5,5,5,5,5,5,5,5,4,5,5,5,4,3,2,2,3,4,2,1,3,3,6,3,5,1,1
322,5,3,5,4,5,5,5,2,2,5,4,4,4,3,4,5,5,5,2,2,4,2,3,4,5,5,5,5,5,5,5,5,5,5,5,5,5,5,5,2,1,1,1,3,2,2,1,2,1,7,5,5,1,1
323,1,2,3,3,3,3,4,5,5,5,5,5,5,5,5,5,5,5,4,4,5,5,5,5,5,5,5,4,5,5,3,5,5,5,5,5,5,2,5,3,1,1,1,3,3,1,1,4,3,6,3,5,1,1
324,4,1,1,2,3,2,4,3,4,3,2,1,1,1,3,4,5,5,1,2,2,2,2,4,3,3,2,4,4,4,4,4,4,4,4,4,4,4,4,3,3,2,4,3,3,3,2,5,3,2,7,4,2,1
325,3,3,4,4,3,3,4,4,4,3,3,3,3,2,2,3,3,3,2,2,2,2,2,2,2,3,3,3,3,4,4,4,3,3,3,3,3,3,3,2,2,2,2,2,2,2,2,3,1,8,7,2,1,1
326,2,2,2,2,2,2,3,2,2,4,4,4,4,4,4,4,4,4,2,2,2,2,4,4,4,4,4,4,4,4,4,4,4,4,4,4,4,4,4,4,4,2,2,2,4,2,1,5,3,7,3,7,1,1
327,2,2,4,2,3,2,1,1,1,5,4,3,2,2,5,5,5,5,2,1,2,3,2,4,5,5,5,5,5,5,5,5,5,5,5,5,5,4,5,4,5,2,3,4,4,2,1,1,1,2,5,4,5,1
328,5,5,5,5,5,5,5,4,4,5,5,5,5,5,5,5,5,5,2,2,2,2,4,4,5,5,5,5,5,5,5,5,5,5,5,5,5,3,5,4,2,2,2,4,5,2,2,5,3,2,2,6,2,1
329,5,4,1,4,1,3,4,1,1,5,1,4,1,4,4,2,5,1,1,1,1,1,1,5,3,5,2,1,5,5,5,5,5,5,1,1,4,2,5,5,5,5,5,5,5,5,2,2,2,6,4,5,1,1
330,4,3,3,2,4,4,4,4,4,4,4,4,4,4,4,4,4,4,4,3,3,3,3,2,4,4,4,4,4,4,4,4,4,4,4,4,4,4,3,3,3,1,1,1,2,1,1,2,2,1,2,6,1,1
331,4,3,4,4,4,4,4,2,2,4,4,2,4,2,4,4,4,4,2,3,3,3,3,3,4,4,4,4,4,4,4,4,4,4,4,4,4,4,4,2,2,2,2,2,2,3,1,5,3,2,5,3,1,1
332,3,3,3,3,3,3,3,3,3,3,2,2,2,2,2,2,2,2,2,2,2,2,3,2,4,4,4,2,4,4,4,4,4,4,4,4,4,4,4,3,3,3,3,3,3,3,2,1,1,7,7,4,1,1
333,5,3,4,4,3,4,5,2,2,5,4,4,3,3,4,4,5,4,2,2,2,2,4,2,5,5,5,5,5,5,5,5,5,5,5,5,5,5,5,3,3,3,3,3,4,4,2,4,3,2,7,4,1,1
334,2,2,2,3,2,1,2,4,5,5,4,2,4,4,5,5,5,5,2,3,3,2,3,3,4,2,4,4,4,2,4,4,3,4,3,2,2,4,4,4,2,2,2,2,3,3,1,4,7,8,7,3,1,1
335,5,5,5,5,5,5,5,5,5,4,4,2,2,2,3,5,5,5,2,2,3,3,3,2,5,5,5,5,5,5,5,5,5,5,5,5,5,5,5,3,4,3,2,3,4,2,1,5,3,7,7,3,1,1
336,5,2,2,3,3,3,4,2,2,2,2,4,1,4,2,2,5,4,3,2,2,2,3,2,5,5,5,5,5,5,5,5,5,5,5,5,5,3,5,2,2,2,2,2,2,2,2,1,1,2,5,4,1,1
337,5,5,5,5,5,5,5,5,5,5,5,5,5,5,5,5,5,5,5,5,5,5,5,5,5,5,5,5,5,5,5,5,5,5,5,5,5,5,5,1,1,1,1,1,1,1,2,3,7,7,7,5,1,1
338,5,2,3,3,2,3,2,3,3,3,2,3,2,2,3,2,4,3,2,2,2,2,3,3,3,4,4,4,4,4,4,4,4,4,4,5,5,3,3,2,2,2,2,1,1,3,1,5,3,4,7,4,2,1
339,5,4,4,5,4,3,5,1,1,5,5,1,5,1,5,5,5,5,2,2,2,2,2,2,5,5,5,5,5,5,5,5,5,5,5,5,5,5,5,2,2,2,2,2,2,2,2,3,3,2,2,5,1,1
340,5,5,5,5,5,5,5,5,5,5,5,2,5,5,5,5,5,5,2,2,2,2,2,2,5,5,5,5,5,5,5,5,5,5,5,5,5,5,5,2,2,2,2,2,2,2,1,4,1,7,2,3,1,1
341,3,3,3,3,3,3,3,3,3,3,3,3,3,3,3,2,3,3,2,2,2,3,3,3,3,3,3,3,3,3,3,3,3,3,3,3,3,3,3,3,3,3,3,3,3,3,2,2,1,2,7,4,1,1
342,5,5,5,5,5,5,5,5,5,5,5,5,5,5,5,5,5,5,3,2,2,2,2,2,5,5,5,5,5,5,5,5,5,5,5,5,5,5,5,5,4,4,3,3,3,3,2,2,3,8,7,4,1,1
343,5,5,5,5,5,5,5,5,5,5,2,2,2,2,5,5,2,5,2,2,3,3,3,3,3,5,2,2,5,5,5,5,5,5,5,5,5,5,5,1,1,2,1,3,2,2,1,4,4,2,7,6,1,1
344,5,5,5,5,5,4,5,4,4,5,5,5,5,5,5,5,5,5,4,2,2,2,2,3,5,5,5,5,5,5,5,5,5,5,5,5,5,5,5,3,3,3,3,3,3,3,2,2,1,2,3,4,1,1
345,2,2,2,2,2,2,2,2,2,2,2,2,2,2,2,2,2,2,2,2,1,1,2,2,2,3,2,3,3,3,2,3,3,3,2,3,3,2,2,2,2,2,2,2,2,2,1,5,3,1,5,4,6,2
346,3,3,3,3,3,3,3,3,3,2,2,2,2,2,2,2,2,2,2,2,2,2,2,2,4,4,4,4,4,4,4,4,4,4,4,4,4,4,4,2,2,2,2,2,2,2,2,4,3,1,7,4,1,2
347,5,3,3,3,5,3,4,4,4,4,4,2,3,2,4,4,2,2,2,2,2,2,2,2,4,2,4,2,4,4,4,4,4,4,4,2,2,2,4,2,2,2,2,2,3,2,1,3,1,6,1,6,3,1
348,3,1,1,2,1,1,1,1,1,1,1,1,1,1,1,1,1,1,1,1,1,1,1,1,1,1,1,1,1,1,1,3,1,3,1,1,1,1,1,3,3,3,3,3,3,3,1,3,3,1,7,4,1,2
349,3,1,1,1,1,1,1,1,1,1,1,1,1,1,1,1,1,1,2,2,2,2,2,2,2,3,2,2,3,1,2,3,3,3,2,1,1,1,2,3,3,3,3,3,3,3,1,4,3,1,7,5,3,2
350,3,1,1,1,1,1,1,1,1,1,1,1,1,1,1,1,2,1,1,1,1,1,1,1,2,3,2,1,3,1,2,3,3,3,2,1,1,2,1,3,3,3,3,3,3,3,1,3,3,3,7,4,3,2
351,3,1,1,2,1,1,1,1,1,1,1,1,1,1,1,1,2,1,1,1,1,1,2,1,2,3,2,2,2,2,2,3,2,3,1,1,1,1,1,3,3,3,3,3,3,3,1,3,3,4,7,4,1,2
352,3,1,1,2,1,1,1,1,1,1,1,1,1,1,1,1,2,1,1,1,1,1,2,1,2,3,2,2,3,1,2,3,3,3,1,1,1,1,1,3,3,3,3,3,3,3,1,4,3,1,7,5,3,2
353,5,5,5,5,5,5,5,5,5,2,1,2,4,1,2,2,2,2,2,2,3,2,3,3,2,4,2,2,5,5,2,5,5,5,5,2,5,2,5,4,2,2,1,2,5,2,1,3,3,3,3,4,1,1
354,1,2,3,2,1,2,2,2,3,1,1,1,1,1,2,2,2,1,1,1,2,1,2,2,2,3,2,2,2,3,2,3,1,1,2,2,2,1,1,3,2,3,1,2,2,1,2,3,3,1,7,2,4,1
355,3,2,2,3,3,2,3,3,2,2,2,2,2,2,2,2,2,2,2,2,2,2,2,3,2,2,2,2,2,3,2,3,3,3,1,1,1,1,2,3,3,2,2,3,3,3,2,3,1,2,3,2,1,1
356,4,4,4,4,3,4,4,4,2,2,2,1,2,1,3,2,5,4,2,2,1,1,2,3,2,3,2,4,5,5,4,4,4,4,4,4,4,5,4,3,3,2,2,3,4,2,2,3,3,1,2,4,2,1
357,4,4,4,4,4,4,4,3,3,5,5,5,5,5,5,5,4,5,2,2,1,1,2,2,4,2,4,4,4,4,4,4,4,4,3,2,1,2,4,3,1,1,1,1,4,1,1,4,7,5,2,5,10,1
358,5,4,4,4,3,4,4,4,2,4,4,4,4,4,4,4,4,4,4,4,4,4,4,4,4,4,4,4,4,4,4,4,4,4,4,4,4,4,4,4,4,4,4,4,4,3,2,3,2,2,7,4,1,1
359,1,1,1,2,3,3,2,2,2,4,3,2,4,4,4,3,4,4,4,3,3,4,4,4,4,4,4,3,1,4,4,4,3,4,2,2,4,3,2,4,2,2,2,2,3,3,1,5,3,1,1,4,6,2
360,5,5,5,5,5,5,5,5,5,5,2,2,2,3,2,2,5,2,3,2,1,1,1,1,5,5,5,5,5,5,5,5,5,5,5,5,5,5,5,3,2,2,1,2,3,2,1,4,3,2,7,3,1,1
361,4,4,4,5,5,5,3,3,3,4,2,2,4,2,5,4,5,2,2,2,1,1,1,1,2,5,2,4,5,5,5,5,5,5,3,4,4,4,4,2,2,2,2,2,4,2,2,4,3,1,7,6,1,2
362,3,1,1,2,1,1,1,1,1,1,1,1,1,1,1,1,1,1,1,1,1,1,1,1,1,1,1,1,1,1,1,3,1,3,1,1,1,1,1,3,3,3,3,3,3,3,1,3,3,1,7,5,1,2
363,2,1,1,1,1,1,1,1,1,1,1,1,1,1,1,1,1,1,1,1,1,1,1,1,1,3,1,1,1,1,1,3,1,3,1,3,1,1,1,2,2,2,2,2,2,2,1,4,3,1,7,5,1,2
364,3,1,1,3,1,1,1,1,1,1,1,1,1,1,1,1,2,1,2,2,2,2,2,2,2,3,2,2,3,3,2,3,3,3,1,3,1,1,1,1,2,2,2,2,3,2,2,3,3,1,7,5,1,2
365,3,1,1,3,1,1,1,1,1,1,1,1,1,1,1,1,2,1,1,1,1,1,1,1,2,3,2,2,3,3,2,3,3,3,1,1,1,2,2,3,3,3,3,3,3,3,2,2,1,3,7,4,1,2
366,3,1,1,2,1,1,1,2,2,1,1,1,1,1,1,1,1,1,1,1,1,1,1,1,2,3,2,2,3,3,2,3,3,3,2,3,2,2,2,2,2,2,2,2,2,2,1,3,3,4,7,5,1,2
367,3,1,1,1,1,1,1,1,1,1,1,1,1,1,1,1,1,1,1,1,1,1,1,1,1,3,1,1,3,1,1,3,3,3,1,1,1,1,1,3,3,3,3,3,3,3,1,3,3,1,7,4,1,2
368,3,1,1,2,1,1,1,1,1,1,1,1,1,1,1,1,1,1,1,1,1,1,1,1,3,3,3,2,3,2,2,3,3,3,2,3,3,2,2,3,3,3,3,3,3,3,1,3,3,2,7,4,1,2
369,3,1,1,3,1,1,1,1,1,1,1,1,1,1,1,1,1,1,1,1,1,1,1,1,3,3,3,1,3,1,2,3,3,3,1,1,1,1,1,3,3,3,3,3,3,3,1,5,3,1,7,5,6,2
370,1,1,1,1,1,1,1,1,1,1,1,1,1,1,1,1,1,1,1,1,1,1,1,1,1,3,1,1,1,1,1,3,1,3,1,1,1,1,1,2,2,2,2,2,2,2,1,3,3,1,7,4,1,2
371,3,1,1,3,1,1,1,1,1,1,1,1,1,1,1,1,2,1,1,1,1,1,2,1,2,3,2,2,3,2,2,3,3,3,1,3,2,2,2,2,3,3,3,3,3,3,1,3,3,1,7,4,3,2
372,2,4,2,4,2,4,5,4,4,4,2,2,2,2,2,2,2,2,4,4,5,4,3,3,5,5,5,5,5,2,1,5,5,5,5,2,5,2,5,5,4,1,2,3,5,1,1,3,3,6,1,2,1,1
373,5,3,5,5,5,4,3,3,3,3,4,4,2,2,4,4,5,4,4,3,4,3,2,2,5,5,5,5,5,5,5,5,5,5,5,5,5,5,5,3,2,2,3,3,3,3,1,1,1,7,7,4,5,1
374,5,3,3,3,3,3,4,3,3,4,2,2,2,2,3,3,4,5,2,2,3,2,3,2,3,3,3,3,3,3,3,3,4,4,4,4,4,4,4,3,2,2,3,3,3,2,1,2,3,1,7,4,5,1
375,1,2,2,2,4,4,3,1,1,4,4,4,4,3,4,5,4,4,2,3,2,2,3,4,4,4,4,2,4,2,3,5,2,5,4,2,4,2,4,4,4,3,2,3,5,4,1,2,3,6,4,5,1,1
376,5,5,5,5,5,2,5,5,5,3,3,2,1,1,1,1,1,2,1,2,1,1,2,2,5,5,5,5,5,5,1,5,5,5,5,5,5,2,3,5,2,1,1,1,5,1,1,4,3,1,3,5,3,1
377,5,2,3,5,5,2,5,5,5,3,5,5,1,1,1,1,5,5,4,4,4,4,3,3,4,5,3,5,5,5,5,5,5,5,5,5,5,3,5,3,2,3,3,3,3,3,1,1,3,1,7,4,1,1
378,4,4,4,4,3,4,4,3,3,2,2,4,2,2,2,2,2,2,4,4,2,2,4,4,4,4,4,4,4,4,4,4,4,4,4,4,4,4,4,4,2,2,2,2,4,2,2,2,7,7,7,4,1,1
379,5,5,5,5,5,5,5,5,5,5,2,2,2,2,3,3,5,5,2,2,2,2,2,2,5,5,5,5,5,5,5,5,5,5,5,5,5,5,5,3,3,3,3,3,4,3,2,1,1,1,7,4,1,1
380,5,2,3,3,4,5,5,2,2,5,5,5,5,5,5,5,5,5,5,4,4,5,5,5,5,5,5,5,5,5,5,5,5,5,5,5,5,3,5,3,1,2,1,1,4,2,1,4,3,6,3,6,1,1
381,1,1,1,2,1,1,1,1,1,1,2,1,2,1,1,1,1,1,2,5,1,1,1,1,2,5,5,5,3,5,1,5,5,5,5,5,5,1,5,1,1,2,2,3,2,1,2,5,5,1,2,4,6,2
382,3,1,1,1,1,1,1,1,1,1,1,1,1,1,1,1,3,1,1,1,1,1,2,1,3,3,3,3,3,1,2,3,3,3,2,3,2,2,2,3,3,3,3,3,3,3,2,3,3,1,7,6,1,2
383,3,1,1,1,1,1,1,1,1,1,1,1,1,1,1,1,2,1,1,1,1,1,1,1,2,3,2,2,3,2,2,3,3,3,1,1,1,1,1,2,3,3,3,3,3,3,2,3,3,4,7,5,1,2
384,5,4,4,2,5,5,5,2,2,5,5,2,2,5,5,5,2,2,2,2,2,1,1,1,5,3,4,5,3,4,4,5,4,5,2,2,2,2,2,2,2,2,2,2,4,4,2,2,1,6,3,4,1,1
385,3,2,2,3,2,2,1,2,2,2,2,2,2,2,2,2,2,2,2,2,2,2,2,2,2,3,2,2,3,2,2,3,3,3,1,2,1,2,2,3,3,3,3,3,3,3,1,3,3,3,7,4,1,2
386,3,1,1,1,1,1,1,1,1,1,1,1,1,1,1,1,1,1,1,1,1,1,1,1,1,2,1,1,1,1,1,3,1,3,1,1,1,1,1,3,3,3,3,3,3,3,1,2,1,1,7,4,1,2
387,3,1,1,3,1,1,1,1,1,1,1,1,1,1,1,1,1,1,1,1,1,1,1,1,1,3,1,1,1,3,1,3,1,3,1,1,1,1,1,3,3,3,3,3,3,3,1,3,3,1,7,5,1,2
388,3,1,1,2,1,1,1,1,1,1,1,1,1,1,1,1,1,1,1,1,1,1,2,1,3,3,3,3,3,1,2,3,3,3,1,3,2,2,2,2,3,3,3,3,3,3,2,3,3,1,7,4,1,2
389,3,1,1,2,1,1,1,2,2,1,1,1,1,1,1,1,2,1,1,1,1,1,2,1,3,3,3,3,3,2,2,3,3,3,1,3,1,2,2,2,2,2,2,2,2,2,1,2,1,3,7,4,1,2
390,3,2,2,2,2,2,2,2,2,2,2,2,2,2,2,2,2,2,2,2,2,2,2,2,2,2,2,2,2,3,2,2,2,3,2,2,2,2,2,3,3,3,3,3,3,3,1,3,3,4,7,4,5,2
391,1,1,1,1,1,1,1,1,1,1,1,1,1,1,1,1,1,1,1,1,1,1,1,1,1,3,1,1,1,1,1,1,1,3,1,1,1,1,1,3,3,3,3,3,3,3,1,3,3,1,7,4,1,2
392,3,1,1,2,1,1,1,1,1,1,1,1,1,1,1,1,1,1,1,1,1,1,1,1,1,3,1,1,1,3,1,1,1,3,1,1,1,1,1,3,3,3,3,3,3,3,1,3,3,1,7,5,3,2
393,4,2,2,2,4,2,2,1,1,2,1,1,1,3,2,2,2,2,1,1,1,1,1,1,4,4,4,4,4,4,2,4,2,3,2,1,3,2,2,5,5,5,5,3,5,5,2,1,1,6,1,4,1,1
394,5,3,2,4,4,4,5,4,4,4,2,1,1,2,2,1,2,2,2,2,2,1,2,1,2,4,4,4,4,5,5,5,4,4,4,5,5,2,3,5,4,2,3,5,5,5,1,2,1,2,7,5,1,2
395,3,1,1,2,1,1,1,1,1,1,1,1,1,1,1,1,1,1,1,1,1,1,1,1,2,3,2,2,2,2,2,3,2,3,1,1,1,1,1,3,3,3,3,3,3,3,1,3,3,1,7,5,1,2
396,3,1,1,1,1,1,1,1,1,1,1,1,1,1,1,1,1,1,1,1,1,1,1,1,2,3,2,2,3,1,2,3,3,3,1,1,1,1,1,3,3,3,3,3,3,3,1,2,1,3,7,4,3,2
397,5,2,2,2,2,3,5,3,3,5,5,2,5,5,5,5,2,2,2,2,2,2,2,2,5,5,5,1,5,1,4,5,5,5,5,1,5,2,5,2,2,1,1,2,4,2,1,1,1,6,2,5,1,1
398,1,1,1,1,1,1,1,1,1,1,1,1,1,2,1,1,1,1,1,1,1,1,1,2,4,4,4,2,2,2,2,4,2,5,2,2,5,2,4,5,2,2,4,2,5,2,2,1,1,6,1,4,5,1
399,5,5,5,5,2,5,5,5,5,2,2,2,2,5,2,2,5,5,2,5,2,2,2,2,5,5,5,5,5,5,5,5,5,5,5,5,5,5,5,1,1,1,1,1,1,1,1,1,1,8,1,4,1,1
400,3,1,1,2,1,1,1,2,2,1,1,1,1,1,1,1,1,1,1,1,1,1,2,1,3,3,3,3,3,1,2,3,3,3,1,3,1,2,1,2,3,3,3,3,3,3,1,5,3,1,7,5,6,2
401,3,1,1,3,1,1,1,1,1,1,1,1,1,1,1,1,2,1,1,1,1,1,2,1,2,3,2,2,3,1,2,3,3,3,1,1,1,1,2,3,3,3,3,3,3,3,2,3,3,1,7,6,1,2
402,3,1,1,2,1,1,1,1,1,1,1,1,1,1,1,1,3,1,1,1,1,1,3,1,3,3,3,3,3,1,2,3,3,3,1,1,1,2,2,3,3,3,3,3,3,3,1,4,3,4,7,5,1,2
403,3,1,1,1,1,1,1,1,1,1,1,1,1,1,1,1,1,1,1,1,1,1,1,1,2,3,2,1,3,1,2,3,3,3,1,1,1,1,1,3,3,3,3,3,3,3,2,3,3,3,7,5,1,2
404,3,1,1,1,1,1,1,1,1,1,1,1,1,1,1,1,1,1,1,1,1,1,1,1,1,1,1,1,3,1,1,3,3,3,1,3,1,1,1,2,3,3,3,2,3,3,1,5,3,1,7,5,6,2
405,3,1,1,2,1,1,1,1,1,1,1,1,1,1,1,1,1,1,1,1,1,1,1,1,2,3,2,2,3,2,2,3,3,3,1,1,1,2,1,3,3,3,3,3,3,3,2,2,1,4,7,4,1,2
406,3,1,1,2,1,1,1,1,1,1,1,1,1,1,1,1,2,1,1,1,1,1,2,1,2,3,2,2,3,3,2,3,3,3,1,1,1,2,2,3,3,3,3,3,3,3,1,2,1,3,7,4,3,2
407,3,1,1,3,1,1,1,1,1,1,1,1,1,1,1,1,2,1,1,1,1,1,2,1,2,3,2,2,3,3,2,3,3,3,1,3,2,2,2,2,3,3,3,3,3,3,2,3,3,1,7,5,1,2
408,5,4,5,5,5,5,5,5,5,5,1,1,3,1,1,1,5,5,1,1,1,1,1,1,5,5,5,5,5,5,5,5,5,5,5,5,5,5,5,3,3,1,2,3,5,1,2,1,1,1,1,4,5,2
409,1,1,1,1,1,1,1,1,1,1,1,1,1,1,1,1,1,1,2,2,2,2,2,2,2,2,2,4,4,4,2,1,1,5,2,2,2,2,2,5,5,5,5,5,5,5,2,3,3,1,2,6,1,2
410,4,4,4,4,3,4,4,3,2,2,1,1,1,1,1,1,4,4,1,1,1,1,1,1,1,4,1,4,4,4,4,4,4,4,4,4,4,3,4,2,3,2,2,3,4,4,2,1,1,1,1,5,1,3
411,3,3,4,3,2,2,3,3,3,2,2,3,4,2,2,2,5,3,3,3,2,2,4,3,4,5,2,5,3,3,4,4,3,5,3,5,2,4,4,5,4,4,4,5,3,4,2,3,1,3,7,3,1,2
412,4,3,4,3,4,4,3,4,4,4,2,2,1,1,2,3,4,4,1,2,2,2,2,1,2,4,3,4,4,4,4,4,4,4,4,4,4,4,4,3,4,4,4,3,3,4,2,3,4,2,2,2,3,2
413,5,4,4,5,4,4,4,4,4,3,2,2,2,2,2,2,3,3,2,2,2,2,3,3,4,5,4,3,5,5,4,4,4,4,4,2,4,3,4,3,3,3,3,3,3,3,2,2,1,3,7,4,1,2
414,4,4,4,4,4,4,3,3,3,4,2,2,2,2,2,2,4,2,3,3,3,3,2,2,3,5,3,5,5,5,3,5,4,4,4,4,4,4,4,5,5,5,5,5,5,5,1,2,1,7,5,4,1,2
415,4,2,4,4,4,4,4,4,4,3,3,3,2,2,2,2,2,2,3,3,3,2,2,2,3,3,3,3,3,2,3,3,3,4,3,3,3,3,3,4,2,3,3,4,4,4,1,2,3,3,7,2,1,2
416,4,3,3,3,3,4,4,3,3,3,2,2,2,2,3,2,3,3,2,2,3,3,3,2,3,4,4,4,4,4,4,4,4,4,4,4,4,4,4,3,3,3,3,3,3,3,2,3,1,3,7,8,8,2
417,4,2,3,4,3,2,3,2,2,2,1,1,1,2,1,2,2,2,1,2,2,1,2,1,4,4,5,4,5,5,5,5,2,3,2,4,2,2,1,1,3,3,3,3,1,2,1,1,1,1,2,4,1,3
418,4,3,2,3,2,3,2,3,3,2,2,2,2,2,2,2,3,3,2,2,2,2,2,2,3,4,3,4,4,3,4,4,4,4,4,4,4,2,3,3,3,3,3,3,3,3,2,2,3,3,7,4,1,2
419,4,3,3,3,3,3,3,2,2,1,1,1,1,1,1,1,1,1,2,1,2,2,3,3,4,4,3,2,4,4,3,4,4,5,5,3,3,3,5,4,4,4,4,3,3,4,2,3,1,7,7,3,3,2
420,3,2,2,4,2,4,4,2,2,2,1,1,1,1,1,1,1,1,2,2,2,2,3,2,3,4,4,2,4,4,2,2,4,4,1,1,4,1,4,5,5,5,3,5,5,5,1,2,3,3,1,4,3,2
421,4,3,4,4,4,3,4,4,4,2,2,3,3,2,2,2,3,3,3,4,2,4,3,2,3,2,2,3,3,3,3,3,3,3,3,3,3,3,3,4,3,3,3,3,4,4,1,2,1,7,7,4,1,2
422,4,4,4,4,4,4,4,4,4,4,4,4,4,2,4,4,4,4,2,2,2,2,4,2,5,4,4,4,4,4,5,5,4,5,4,5,4,4,4,4,4,4,4,4,4,5,2,5,3,3,7,2,10,2
423,4,4,4,4,4,4,4,4,4,4,4,4,4,2,4,4,4,4,2,2,2,2,4,2,5,4,4,4,4,4,5,5,4,5,4,5,4,4,4,4,4,4,4,4,4,5,2,5,3,3,7,2,10,2
424,4,5,5,5,4,4,5,4,4,2,4,4,4,4,4,4,4,4,2,2,2,4,4,2,4,4,4,4,2,4,4,2,4,5,5,2,5,2,4,2,3,3,3,3,4,4,1,5,3,3,7,1,1,2
425,3,2,2,2,2,2,3,3,2,2,2,1,1,1,1,2,1,1,1,1,2,2,1,1,2,3,3,3,3,3,2,3,2,3,2,3,3,3,2,1,1,1,2,2,2,2,1,2,1,1,1,5,1,3
426,4,4,4,4,4,3,4,4,4,1,1,1,4,4,4,3,2,2,1,1,1,1,3,1,2,4,4,4,4,4,4,4,5,5,5,5,5,3,4,4,3,3,3,3,5,3,1,1,1,1,7,5,1,3
427,4,3,3,3,4,3,1,1,1,1,1,1,1,1,1,1,4,3,1,3,2,2,3,1,4,5,4,1,1,5,2,5,2,5,2,1,1,3,2,4,4,2,4,4,5,3,1,1,1,1,2,4,1,1
428,5,5,5,5,3,2,3,2,2,2,2,2,2,2,2,2,2,2,3,2,3,2,2,1,4,5,5,5,5,5,5,5,5,5,5,5,5,3,4,3,3,3,3,3,3,2,1,2,1,3,2,4,1,2
429,4,3,4,4,4,4,4,3,3,3,2,2,2,2,3,2,3,2,4,3,2,2,3,2,5,5,5,5,5,5,3,5,5,5,5,5,5,5,5,3,3,3,2,2,3,3,1,2,1,1,2,6,1,2
430,4,3,4,4,4,4,4,3,3,3,2,2,2,2,3,2,3,2,4,3,2,2,3,2,5,5,5,5,5,5,3,5,5,5,5,5,5,5,5,3,3,3,2,2,3,3,1,2,1,1,2,6,1,2
431,4,2,3,4,3,4,4,2,2,2,2,2,2,1,3,2,4,4,1,2,2,2,2,1,4,4,3,4,4,4,4,4,4,4,4,4,4,4,4,2,1,1,2,2,2,2,2,2,3,1,7,6,1,2
432,4,2,4,4,4,2,4,2,2,4,4,4,3,4,3,3,4,2,3,2,4,2,2,3,4,4,4,3,3,4,3,3,4,5,5,5,5,3,5,3,3,3,4,3,3,4,2,5,3,3,5,2,4,2
433,4,3,3,4,4,4,4,2,2,2,2,2,2,2,2,2,2,2,2,2,2,2,2,2,3,4,4,4,4,4,4,4,4,4,4,5,4,4,4,5,5,4,4,5,5,5,2,2,1,3,1,4,1,2
434,3,3,3,3,3,3,3,2,2,2,2,2,2,2,2,2,2,2,2,2,2,2,2,2,2,3,3,3,2,3,3,3,2,3,2,2,2,2,2,2,2,2,2,2,3,2,1,2,3,2,2,4,1,2
435,3,3,3,3,3,3,3,3,3,2,2,2,2,2,2,1,3,2,2,2,3,2,1,1,2,2,2,2,3,3,3,2,2,3,3,2,3,2,3,3,2,2,2,2,3,2,1,4,3,3,7,3,3,2
436,3,3,3,3,3,3,3,3,3,3,3,3,2,2,2,2,3,3,3,3,3,2,2,3,3,3,2,3,3,3,3,3,2,3,3,3,3,2,3,2,2,2,2,2,2,2,2,4,3,3,2,2,1,2
437,4,3,3,4,3,4,4,3,3,4,2,2,2,2,2,2,3,3,3,2,2,2,2,2,3,4,4,4,4,4,4,4,4,4,4,4,4,4,4,3,3,3,3,3,3,3,2,5,3,3,7,2,6,2
438,2,2,2,4,4,4,5,2,1,2,2,2,2,4,2,2,4,2,3,2,2,2,2,2,4,2,2,2,4,4,4,5,4,4,4,4,4,4,4,3,3,3,3,3,3,3,2,2,1,2,5,4,1,1
439,3,3,3,4,4,3,3,2,3,2,2,3,2,2,2,2,3,2,3,4,4,3,3,2,3,4,4,3,4,4,4,4,4,4,4,4,4,3,4,3,2,3,3,3,3,3,2,4,7,3,7,3,6,2
440,3,2,1,1,2,4,3,3,2,3,2,2,1,2,2,2,2,2,2,2,2,2,2,2,2,2,2,2,2,2,2,4,2,4,2,2,2,2,2,4,2,2,2,4,4,4,1,2,3,1,6,5,8,3
441,5,4,4,4,4,4,5,4,2,5,5,2,5,5,4,2,5,2,1,1,1,1,1,1,5,5,5,2,4,5,5,5,5,5,5,5,5,5,5,3,3,3,3,3,3,3,1,1,1,2,7,5,1,1
442,4,2,4,4,4,4,4,3,3,2,2,2,2,2,2,2,2,2,2,2,2,2,2,2,2,4,2,4,4,4,4,4,4,4,4,4,4,4,4,1,1,1,1,1,3,1,2,2,3,1,7,6,1,2
443,2,3,4,3,4,4,4,2,2,5,5,5,5,5,5,5,5,5,2,2,5,5,2,2,5,2,5,5,2,5,5,5,2,2,2,2,2,5,4,5,5,5,4,4,5,4,2,4,2,2,1,6,1,1
444,4,4,4,4,4,4,4,4,4,2,2,2,2,2,2,2,2,2,2,2,2,2,2,2,4,4,4,4,4,4,4,4,4,4,4,4,4,4,4,3,3,3,3,3,3,3,2,2,3,3,7,4,10,2
445,5,5,5,5,5,5,5,5,5,2,2,2,2,1,1,1,3,2,2,3,1,1,2,2,2,5,2,2,4,5,2,4,4,5,5,2,5,1,3,5,5,5,5,5,5,5,2,3,1,7,7,5,1,2
446,5,3,3,3,4,2,4,3,3,2,2,2,2,2,2,2,4,3,1,1,1,1,1,2,2,4,2,4,4,4,4,3,4,4,4,4,4,4,2,3,3,3,3,3,3,3,2,2,1,2,1,4,1,2
447,5,1,2,3,2,3,3,2,2,3,2,2,2,2,2,2,3,2,2,2,2,1,1,1,3,5,5,5,5,5,3,3,5,5,5,5,5,2,2,3,3,4,3,4,4,3,1,3,3,4,7,5,1,2
448,4,2,2,3,3,2,3,2,2,4,2,2,4,3,3,2,4,2,2,2,2,2,2,2,5,5,5,5,5,5,5,5,4,5,5,5,5,5,2,1,1,1,1,1,1,1,2,3,3,1,5,5,1,2
449,5,2,4,3,4,4,4,3,4,2,1,2,2,2,3,2,2,3,2,3,2,2,3,2,4,4,4,4,4,4,4,4,4,4,4,4,4,4,4,3,4,2,2,3,3,3,2,2,3,4,2,4,1,2
450,3,3,3,3,3,3,3,3,3,3,3,3,3,3,3,3,3,3,2,2,2,2,2,2,4,4,4,4,4,4,4,4,4,4,4,4,4,4,4,3,3,3,3,3,3,3,1,1,1,7,3,4,1,1
451,2,2,2,3,4,4,3,2,2,4,2,2,2,2,3,2,3,2,2,2,2,2,2,2,4,4,2,3,3,3,2,2,2,4,2,2,4,2,4,5,2,2,1,2,5,2,1,3,3,7,2,4,1,2
452,3,2,2,3,2,2,2,2,2,2,2,2,2,2,2,2,3,2,2,2,2,2,3,2,3,3,3,3,3,3,3,3,3,3,2,2,2,3,2,3,3,3,3,3,3,3,2,3,3,1,7,5,1,2
453,3,2,2,2,2,1,2,2,2,1,1,2,1,2,1,1,3,2,1,2,1,1,3,1,2,3,2,2,3,1,3,3,3,3,1,1,1,2,2,3,3,3,3,3,3,3,1,2,1,4,7,4,3,2
454,3,1,1,2,1,1,1,1,1,1,1,1,1,1,1,1,2,1,1,1,1,1,2,1,1,3,1,1,3,3,1,3,3,3,1,1,1,1,1,3,3,3,3,3,3,3,1,2,1,3,7,4,1,2
455,3,2,2,2,2,1,2,2,2,1,1,1,1,1,1,1,2,1,1,2,1,1,2,1,3,3,3,3,3,1,2,3,3,3,1,3,2,2,2,2,3,3,3,3,3,3,2,3,4,1,7,5,1,2
456,3,1,1,1,1,1,1,1,1,1,1,1,1,1,1,1,1,1,1,1,1,1,1,1,1,3,1,1,3,3,1,3,3,3,1,1,1,1,1,3,3,3,3,3,3,3,1,3,1,3,7,4,3,2
457,3,2,2,2,2,2,2,2,2,1,1,1,1,1,1,1,2,1,2,2,2,2,3,2,3,3,3,3,3,3,2,3,3,3,3,3,3,2,2,3,3,3,3,3,3,3,1,4,3,1,7,5,6,2
458,3,2,2,2,2,1,2,2,2,2,2,2,2,2,2,2,2,2,2,2,2,2,3,2,2,3,2,2,3,2,3,3,3,3,2,3,2,2,2,3,3,3,3,3,3,3,2,3,3,4,7,5,1,2
459,3,1,1,1,1,1,1,1,1,1,1,1,1,1,1,1,1,1,1,1,1,1,1,1,1,3,1,1,3,1,3,3,3,3,1,3,1,1,1,2,3,3,3,3,3,3,1,5,3,3,7,5,6,2
460,3,1,1,1,1,1,1,1,1,1,1,1,1,1,1,1,1,1,1,1,1,1,1,1,1,3,1,1,3,1,3,3,3,3,1,1,1,1,1,3,3,3,3,3,3,3,1,2,1,3,7,4,2,2
461,3,2,2,2,2,2,2,2,2,2,2,2,2,2,2,2,2,2,2,2,2,2,3,2,3,3,3,3,3,1,3,3,3,3,3,3,3,2,3,3,3,3,3,3,3,3,1,5,3,4,7,5,6,2
462,5,3,5,4,2,2,3,2,2,4,2,1,1,1,4,1,4,4,4,2,1,1,1,2,1,4,2,5,5,5,5,5,5,5,5,5,5,4,4,1,1,1,1,1,1,1,2,2,3,1,1,5,1,3
463,5,4,4,5,5,5,5,2,2,5,2,1,3,1,5,5,5,5,1,2,1,2,1,1,2,4,4,4,5,5,5,5,5,5,5,5,5,5,5,2,2,1,1,1,2,1,1,2,3,1,1,5,1,1
464,4,3,3,4,4,3,2,1,1,5,4,2,4,4,4,4,4,2,2,2,4,2,2,2,2,2,2,2,4,4,4,4,2,4,2,1,2,2,2,2,3,2,2,3,3,2,2,1,1,2,3,2,5,1
465,4,2,2,3,3,3,4,4,4,2,2,2,2,2,2,2,2,2,2,2,3,2,2,2,2,4,4,4,4,4,4,4,2,5,5,5,5,2,2,1,3,4,2,2,1,4,1,2,1,1,3,5,3,3
466,5,3,4,2,4,2,4,3,2,2,2,2,2,2,2,2,4,4,3,4,2,3,3,4,4,5,5,4,4,2,3,4,4,5,4,4,4,3,4,3,2,3,3,2,3,3,2,3,1,2,2,5,1,2
467,4,4,4,4,4,4,4,4,4,3,2,2,3,3,3,3,3,3,2,2,2,2,3,2,4,4,4,2,5,4,4,4,4,4,4,5,5,5,4,3,3,3,3,3,3,3,2,2,3,7,7,5,1,1
468,5,5,5,5,5,5,5,5,5,4,2,2,2,2,2,2,2,2,2,2,2,2,2,2,4,4,4,4,4,4,4,4,4,4,4,4,4,4,4,3,3,3,3,3,3,3,2,2,3,1,1,6,8,3
469,5,5,5,5,5,5,3,3,3,2,2,2,2,2,2,2,2,2,2,2,2,2,2,2,5,5,5,5,5,5,5,5,5,5,5,5,5,5,5,2,2,3,3,2,3,3,2,2,3,1,7,4,2,2
470,5,5,5,5,5,5,3,3,3,2,2,2,2,2,2,2,2,2,2,2,2,2,2,2,5,5,5,5,5,5,5,5,5,5,5,5,5,5,5,2,2,3,3,2,3,3,2,2,3,1,7,4,2,2
471,5,4,4,2,3,4,4,1,1,4,4,4,4,4,4,4,4,4,4,4,4,4,2,2,5,2,5,5,5,5,5,5,5,5,5,5,5,5,5,2,2,1,1,2,2,1,2,3,3,6,5,4,1,1
472,5,3,3,2,4,4,2,2,2,4,4,4,4,3,4,4,3,3,2,2,2,2,2,3,4,4,4,2,4,4,4,4,4,4,4,4,4,4,4,3,3,3,3,3,3,3,2,1,1,1,3,3,1,1
